site;secteur;date; passage;nombre_observateurs;observateur_1;observateur_2;observateur_3;observateur_4; placette;habitat_predominant;pourcentage_habitat_predominant;surface_eau_libre;temps_total_prospection_min;temps_recolte_par_personne_min;helophytes;helophytes_1;helophytes_2;helophytes_3;helophytes_4;profondeur_eau_cm;exuvies;remarque;nombre_exuvies_anisopteres;nombre_exuvies_zygopteres;espece;genre_famille;sexe;determinateur;verification_hors_PNR;nenuphar;exuvies_sur_nenuphar;temperature_generale;heure_arrivee;heure_depart;temps_passe
TGF;NA;12/07/2021;1;2;MC;HL;NA;NA;40;fosse_d_extraction;NA;71_80;23;;1;carex;NA;NA;NA;50;1;Une dizaine non-récoltées (inutilisables, dans l'eau);3;NA;libellula_quadrimaculata;;NA;ME_MC;NA;NA;NA;15,6;11:05:00;11:28:00;00:23
TGF;NA;12/07/2021;1;2;MC;HL;NA;NA;39;fosse_d_extraction;NA;61_70;18;NA;1;carex;NA;NA;NA;0;1;NA;2;NA;libellula_quadrimaculata;;NA;ME_MC;NA;NA;NA;15,6;11:32:00;11:50:00;00:18
TGF;NA;12/07/2021;1;2;MC;HL;NA;NA;39;fosse_d_extraction;NA;61_70;18;NA;1;carex;NA;NA;NA;0;1;NA;10;NA;leucorrhinia_dubia;;NA;ME_MC;NA;NA;NA;15,6;11:32:00;11:50:00;00:18
TGF;NA;12/07/2021;1;2;MC;HL;NA;NA;41;fosse_d_extraction;NA;21_30;15;NA;1;carex;NA;NA;NA;0;1;NA;2;NA;somatochlora_alpestris;;NA;ME_MC_JD;NA;NA;NA;15,6;11:55:00;12:10:00;00:15
TGF;NA;12/07/2021;1;2;MC;HL;NA;NA;41;fosse_d_extraction;NA;21_30;15;NA;1;carex;NA;NA;NA;0;1;NA;1;NA;aeshna_juncea;;NA;ME_MC;NA;NA;NA;15,6;11:55:00;12:10:00;00:15
TGF;NA;12/07/2021;1;2;MC;HL;NA;NA;37;fosse_d_extraction;NA;11_20;15;NA;1;carex;NA;NA;NA;0;0;NA;NA;NA;NA;;NA;NA;NA;NA;NA;17,1;12:12:00;12:27:00;00:15
TGF;NA;12/07/2021;1;2;MC;HL;NA;NA;38;fosse_d_extraction;NA;51_60;15;NA;0;NA;NA;NA;NA;0;1;NA;1;NA;somatochlora_arctica;;NA;ME_MC;NA;NA;NA;17,1;12:29:00;12:44:00;00:15
TGF;NA;12/07/2021;1;2;MC;HL;NA;NA;38;fosse_d_extraction;NA;51_60;15;NA;0;NA;NA;NA;NA;0;1;NA;1;NA;leucorrhinia_dubia;;NA;ME_MC;NA;NA;NA;17,1;12:29:00;12:44:00;00:15
TGF;NA;12/07/2021;1;2;MC;HL;NA;NA;17;zone_a_sphaignes;NA;11_20;15;NA;1;carex;NA;NA;NA;0;0;NA;NA;NA;NA;;NA;NA;NA;NA;NA;17,1;13:53:00;14:08:00;00:15
TGF;NA;12/07/2021;1;2;MC;HL;NA;NA;83;mare_d_eau_libre;NA;41_50;15;NA;0;NA;NA;NA;NA;0;0;NA;NA;NA;NA;;NA;NA;NA;NA;NA;17,1;14:10:00;14:25:00;00:15
TGF;NA;12/07/2021;1;2;MC;HL;NA;NA;82;mare_d_eau_libre;NA;1_10;13;NA;1;carex;NA;scheuchzerie;NA;0;0;NA;NA;NA;NA;;NA;NA;NA;NA;NA;17,1;14:31:00;14:44:00;00:13
TGF;NA;12/07/2021;1;2;MC;HL;NA;NA;79;zone_a_sphaignes;NA;1_10;11;NA;0;NA;NA;NA;NA;0;0;NA;NA;NA;NA;;NA;NA;NA;NA;NA;17,1;14:45:00;14:56:00;00:11
TGF;NA;12/07/2021;1;2;MC;HL;NA;NA;81;zone_a_sphaignes;NA;1_10;11;NA;0;NA;NA;NA;NA;0;0;NA;NA;NA;NA;;NA;NA;NA;NA;NA;17,1;14:45:00;14:56:00;00:11
TGF;NA;12/07/2021;1;2;MC;HL;NA;NA;77;zone_a_sphaignes;NA;1_10;11;NA;1;NA;joncs;scheuchzerie;NA;0;0;NA;NA;NA;NA;;NA;NA;NA;NA;NA;17,1;14:45:00;14:56:00;00:11
TGF;NA;12/07/2021;1;2;MC;HL;NA;NA;32;mare_a_sphaignes;NA;0;7;NA;1;carex;NA;scheuchzerie;NA;0;0;NA;NA;NA;NA;;NA;NA;NA;NA;NA;17,1;15:01:00;15:08:00;00:07
TGF;NA;12/07/2021;1;1;MC;NA;NA;NA;74;zone_a_sphaignes;NA;1_10;7;NA;0;NA;NA;NA;NA;0;0;defavorable_?;NA;NA;NA;;NA;NA;NA;NA;NA;17,1;15:10:00;15:17:00;00:07
TGF;NA;12/07/2021;1;1;HL;NA;NA;NA;73;zone_a_sphaignes;NA;1_10;7;NA;0;NA;NA;NA;NA;0;0;defavorable_?;NA;NA;NA;;NA;NA;NA;NA;NA;17,1;15:10:00;15:17:00;00:07
TGF;NA;12/07/2021;1;2;MC;HL;NA;NA;16;mare_a_sphaignes;NA;0;5;NA;1;NA;NA;scheuchzerie;NA;0;0;NA;NA;NA;NA;;NA;NA;NA;NA;NA;17,1;15:20:00;15:25:00;00:05
TGF;NA;12/07/2021;1;1;MC;NA;NA;NA;14;mare_a_sphaignes;NA;0;7;NA;0;NA;NA;NA;NA;0;0;NA;NA;NA;NA;;NA;NA;NA;NA;NA;17,1;15:23:00;15:30:00;00:07
TGF;NA;12/07/2021;1;1;HL;NA;NA;NA;12;zone_a_sphaignes;NA;0;7;NA;1;NA;NA;scheuchzerie;NA;0;0;NA;NA;NA;NA;;NA;NA;NA;NA;NA;17,1;15:23:00;15:30:00;00:07
TGF;NA;12/07/2021;1;1;HL;NA;NA;NA;5;mare_d_eau_libre;NA;41_50;10;NA;1;carex;NA;NA;NA;20;0;NA;NA;NA;NA;;NA;NA;NA;NA;NA;17,1;15:33:00;15:43:00;00:10
TGF;NA;12/07/2021;1;1;MC;NA;NA;NA;6;zone_a_sphaignes;NA;1_10;10;NA;0;NA;NA;NA;NA;0;0;NA;NA;NA;NA;;NA;NA;NA;NA;NA;17,1;15:33:00;15:43:00;00:10
TGF;NA;12/07/2021;1;1;HL;NA;NA;NA;13;mare_d_eau_libre;NA;1_10;10;NA;1;NA;NA;scheuchzerie;NA;0;0;mare_a_sphaigne;NA;NA;NA;;NA;NA;NA;NA;NA;17,1;15:45:00;15:55:00;00:10
TGF;NA;12/07/2021;1;1;MC;NA;NA;NA;70;zone_a_sphaignes;NA;0;10;NA;1;NA;NA;scheuchzerie;NA;0;0;defavorable_?;NA;NA;NA;;NA;NA;NA;NA;NA;17,1;15:45:00;15:55:00;00:10
TGF;NA;12/07/2021;1;2;MC;HL;NA;NA;9;mare_d_eau_libre;NA;21_30;10;NA;1;NA;NA;scheuchzerie;NA;0;0;NA;NA;NA;NA;;NA;NA;NA;NA;NA;18,1;16:00:00;16:10:00;00:10
TGF;NA;12/07/2021;1;2;MC;HL;NA;NA;10;zone_a_sphaignes;NA;11_20;10;NA;1;NA;NA;scheuchzerie;NA;0;0;NA;NA;NA;NA;;NA;NA;NA;NA;NA;18,1;16:00:00;16:10:00;00:10
TGF;NA;12/07/2021;1;2;MC;HL;NA;NA;43;bas_marais;NA;1_10;12;NA;1;carex;joncs;NA;NA;10;0;cours_d_eau_poacee ;NA;NA;NA;;NA;NA;NA;NA;NA;18,1;16:32:00;16:44:00;00:12
TGF;NA;12/07/2021;1;2;MC;HL;NA;NA;44;bas_marais;NA;1_10;10;NA;1;carex;joncs;NA;NA;10;0;cours_d_eau_poacee ;NA;NA;NA;;NA;NA;NA;NA;NA;18,1;16:50:00;17:00:00;00:10
TGF;NA;12/07/2021;1;2;TH;CJ;NA;NA;75;zone_a_sphaignes;NA;1_10;8;NA;0;NA;NA;NA;NA;15;0;NA;NA;NA;NA;;NA;NA;NA;NA;NA;17,1;14:35:00;14:43:00;00:08
TGF;NA;12/07/2021;1;2;TH;CJ;NA;NA;21;mare_d_eau_libre;NA;11_20;7;NA;0;NA;NA;NA;NA;10;0;NA;NA;NA;NA;;NA;NA;NA;NA;NA;17,1;14:43:00;14:50:00;00:07
TGF;NA;12/07/2021;1;2;TH;CJ;NA;NA;15;mare_d_eau_libre;NA;1_10;7;NA;1;NA;NA;scheuchzerie;NA;10;0;NA;NA;NA;NA;;NA;NA;NA;NA;NA;17,1;14:50:00;14:57:00;00:07
TGF;NA;12/07/2021;1;2;TH;CJ;NA;NA;19;tremblants_a_sphaigne;NA;0;7;NA;1;NA;NA;scheuchzerie;NA;0;0;NA;NA;NA;NA;;NA;NA;NA;NA;NA;17,1;15:00:00;15:07:00;00:07
TGF;NA;12/07/2021;1;2;TH;CJ;NA;NA;7;zone_a_sphaignes;NA;0;7;NA;1;NA;NA;scheuchzerie;NA;0;0;NA;NA;NA;NA;;NA;NA;NA;NA;NA;17,1;15:12:00;15:19:00;00:07
TGF;NA;12/07/2021;1;2;TH;CJ;NA;NA;0;zone_a_sphaignes;NA;1_10;7;NA;1;NA;NA;scheuchzerie;NA;0;1;NA;1;NA;NA;;NA;NA;NA;NA;NA;17,1;15:19:00;15:26:00;00:07
TGF;NA;12/07/2021;1;2;TH;CJ;NA;NA;1;mare_d_eau_libre;NA;1_10;7;NA;0;NA;NA;NA;NA;20;0;NA;NA;NA;NA;;NA;NA;NA;NA;NA;17,1;15:26:00;15:33:00;00:07
TGF;NA;12/07/2021;1;2;TH;CJ;NA;NA;11;mare_d_eau_libre;NA;31_40;6;NA;1;NA;NA;scheuchzerie;NA;2;0;NA;NA;NA;NA;;NA;NA;NA;NA;NA;17,1;15:36:00;15:42:00;00:06
TGF;NA;12/07/2021;1;2;TH;CJ;NA;NA;64;mare_d_eau_libre;NA;21_30;6;NA;0;NA;NA;NA;NA;30;1;NA;1;NA;NA;aeshnidae;NA;ME_MC;NA;NA;NA;17,1;15:44:00;15:50:00;00:06
TGF;NA;12/07/2021;1;2;TH;CJ;NA;NA;18;mare_a_sphaignes;NA;0;6;NA;1;NA;NA;scheuchzerie;NA;0;0;NA;NA;NA;NA;;NA;NA;NA;NA;NA;17,1;15:50:00;15:56:00;00:06
TGF;NA;12/07/2021;1;2;TH;CJ;NA;NA;8;mare_d_eau_libre;NA;1_10;6;NA;0;NA;NA;NA;NA;10;0;NA;NA;NA;NA;;NA;NA;NA;NA;NA;18,1;15:57:00;16:03:00;00:06
TGF;NA;12/07/2021;1;2;TH;CJ;NA;NA;25;fosse_d_extraction;NA;1_10;6;NA;1;carex;NA;NA;NA;0;0;NA;NA;NA;NA;;NA;NA;NA;NA;NA;18,1;16:43:00;16:49:00;00:06
TGF;NA;12/07/2021;1;2;TH;CJ;NA;NA;24;fosse_d_extraction;NA;31_40;10;NA;0;NA;NA;NA;NA;50;1;NA;4;NA;aeshna_juncea;;NA;ME_MC;NA;NA;NA;18,1;16:50:00;17:00:00;00:10
TGF;NA;12/07/2021;1;2;TH;CJ;NA;NA;24;fosse_d_extraction;NA;31_40;10;NA;0;NA;NA;NA;NA;50;1;NA;14;NA;leucorrhinia_dubia;;NA;ME_MC;NA;NA;NA;18,1;16:50:00;17:00:00;00:10
TGF;NA;12/07/2021;1;2;TH;CJ;NA;NA;24;fosse_d_extraction;NA;31_40;10;NA;0;NA;NA;NA;NA;50;1;NA;4;NA;NA;aeshnidae_stade_intermediaire;NA;ME_MC_JD;NA;NA;NA;18,1;16:50:00;17:00:00;00:10
TGF;NA;12/07/2021;1;2;TH;CJ;NA;NA;54;bas_marais;NA;1_10;4;NA;1;NA;NA;NA;molinie;5;0;cours_d_eau;NA;NA;NA;;NA;NA;NA;NA;NA;18,1;17:04:00;17:08:00;00:04
TGF;NA;12/07/2021;1;2;TH;CJ;NA;NA;52;bas_marais;NA;0;5;NA;1;carex;NA;NA;NA;0;0;NA;NA;NA;NA;;NA;NA;NA;NA;NA;18,1;17:11:00;17:16:00;00:05
TGF;NA;19/07/2021;1;2;MC;IN;NA;NA;91;zone_a_sphaignes;NA;1_10;14;NA;1;carex;NA;NA;molinie;3;0;NA;NA;NA;NA;;NA;NA;NA;NA;NA;15,4;09:47:00;10:01:00;00:14
TGF;NA;19/07/2021;1;2;MC;IN;NA;NA;86;zone_a_sphaignes;NA;31_40;14;NA;1;carex;NA;NA;NA;40;0;mare_d_eau_libre;NA;NA;NA;;NA;NA;NA;NA;NA;15,4;10:02:00;10:16:00;00:14
TGF;NA;19/07/2021;1;2;MC;IN;NA;NA;35;fosse_d_extraction;NA;31_40;16;NA;0;NA;NA;NA;NA;30;1;2 larves vivantes et 2 individu émergés morts;1;NA;leucorrhinia_dubia;;NA;ME_MC;NA;NA;NA;15,4;10:25:00;10:41:00;00:16
TGF;NA;19/07/2021;1;2;MC;IN;NA;NA;34;fosse_d_extraction;NA;21_30;10;NA;0;NA;NA;NA;NA;30;0;1 larve vivante et 1 exuvie non récoltée (non exploitable);NA;NA;NA;;NA;NA;NA;NA;NA;15,4;10:46:00;10:56:00;00:10
TGF;NA;19/07/2021;1;2;MC;IN;NA;NA;58;bas_marais;NA;1_10;10;NA;1;carex;NA;NA;NA;3;0;NA;NA;NA;NA;;NA;NA;NA;NA;NA;16;11:05:00;11:15:00;00:10
TGF;NA;19/07/2021;1;2;MC;IN;NA;NA;61;bas_marais;NA;0;10;NA;1;NA;NA;scheuchzerie;NA;0;0;NA;NA;NA;NA;;NA;NA;NA;NA;NA;16;11:25:00;11:35:00;00:10
TGF;NA;19/07/2021;1;2;MC;IN;NA;NA;62;bas_marais;NA;1_10;9;NA;1;NA;NA;scheuchzerie;NA;2;0;NA;NA;NA;NA;;NA;NA;NA;NA;NA;16;11:37:00;11:46:00;00:09
TGF;NA;19/07/2021;1;2;MC;IN;NA;NA;36;fosse_d_extraction;NA;21_30;10;NA;0;NA;NA;NA;NA;5;0;1 ind. émergent mort;NA;NA;NA;;NA;NA;NA;NA;NA;16;11:54:00;12:04:00;00:10
TGF;NA;19/07/2021;1;2;MC;IN;NA;NA;57;bas_marais;NA;1_10;8;NA;0;NA;NA;NA;NA;5;0;cours_d_eau;NA;NA;NA;;NA;NA;NA;NA;NA;16,7;12:16:00;12:24:00;00:08
TGF;NA;19/07/2021;1;2;MC;IN;NA;NA;31;fosse_d_extraction;NA;21_30;17;NA;0;NA;NA;NA;NA;10;1;NA;1;NA;somatochlora_alpestris;;NA;ME_MC;NA;NA;NA;16,7;12:32:00;12:49:00;00:17
TGF;NA;19/07/2021;1;2;MC;IN;NA;NA;31;fosse_d_extraction;NA;21_30;17;NA;0;NA;NA;NA;NA;10;1;NA;2;NA;aeshna_juncea;;NA;ME_MC;NA;NA;NA;16,7;12:32:00;12:49:00;00:17
TGF;NA;19/07/2021;1;2;MC;ME;NA;NA;33;mare_a_sphaignes;NA;1_10;12;NA;1;carex;NA;NA;NA;3;0;NA;NA;NA;NA;;NA;NA;NA;NA;NA;17,5;14:34:00;14:46:00;00:12
TGF;NA;19/07/2021;1;2;MC;ME;NA;NA;59;bas_marais;NA;1_10;9;NA;1;carex;NA;NA;molinie;5;0;cours_d_eau;NA;NA;NA;;NA;NA;NA;NA;NA;17,7;14:50:00;14:59:00;00:09
TGF;NA;19/07/2021;1;2;MC;ME;NA;NA;22;mare_a_sphaignes;NA;1_10;12;NA;0;NA;NA;NA;NA;2;0;NA;NA;NA;NA;;NA;NA;NA;NA;NA;17,7;15:08:00;15:20:00;00:12
TGF;NA;19/07/2021;1;2;MC;ME;NA;NA;29;fosse_d_extraction;NA;0;9;NA;1;carex;NA;NA;NA;0;0;mare_a_sphaigne;NA;NA;NA;;NA;NA;NA;NA;NA;17,7;15:26:00;15:35:00;00:09
TGF;NA;19/07/2021;1;2;MC;ME;NA;NA;28;fosse_d_extraction;NA;21_30;10;NA;1;carex;NA;NA;molinie;20;0;1 ind entrain d'émerger (Aeschna);NA;NA;NA;;NA;NA;NA;NA;NA;17,7;15:36:00;15:46:00;00:10
TGF;NA;19/07/2021;1;2;MC;ME;NA;NA;27;fosse_d_extraction;NA;1_10;8;NA;1;carex;NA;NA;NA;5;0;cours_d_eau;NA;NA;NA;;NA;NA;NA;NA;NA;17,7;15:50:00;15:58:00;00:08
TGF;NA;19/07/2021;1;2;TH;CJ;NA;NA;51;bas_marais;NA;0;6;NA;1;carex;NA;NA;NA;0;0;carex_rostrata;NA;NA;NA;;NA;NA;NA;NA;NA;17,5;14:10:00;14:16:00;00:06
TGF;NA;19/07/2021;1;2;TH;CJ;NA;NA;53;bas_marais;NA;1_10;6;NA;1;NA;NA;NA;molinie;5;0;NA;NA;NA;NA;;NA;NA;NA;NA;NA;17,5;14:21:00;14:27:00;00:06
TGF;NA;19/07/2021;1;2;TH;CJ;NA;NA;56;bas_marais;NA;0;7;NA;1;carex;NA;NA;NA;0;0;NA;NA;NA;NA;;NA;NA;NA;NA;NA;17,5;14:31:00;14:38:00;00:07
TGF;NA;19/07/2021;1;2;TH;CJ;NA;NA;50;bas_marais;NA;0;5;NA;1;carex;NA;NA;NA;0;0;NA;NA;NA;NA;;NA;NA;NA;NA;NA;17,5;14:47:00;14:52:00;00:05
TGF;NA;19/07/2021;1;2;TH;CJ;NA;NA;23;fosse_d_extraction;NA;31_40;8;NA;0;NA;NA;NA;NA;50;1;eriophorum_vaginatum;1;NA;NA;aeshnidae_stade_intermediaire;NA;ME_MC_JD;NA;NA;NA;17,7;14:58:00;15:06:00;00:08
TGF;NA;19/07/2021;1;2;TH;CJ;NA;NA;48;bas_marais;NA;1_10;5;NA;1;carex;NA;NA;NA;0;0;NA;NA;NA;NA;;NA;NA;NA;NA;NA;17,7;15:12:00;15:17:00;00:05
TGF;NA;19/07/2021;1;2;TH;CJ;NA;NA;46;bas_marais;NA;0;6;NA;1;carex;NA;NA;NA;0;0;NA;NA;NA;NA;;NA;NA;NA;NA;NA;17,7;15:21:00;15:27:00;00:06
TDC;NA;21/07/2021;1;2;MC;CJ;NA;NA;99;mare_a_scheuchzerie;NA;0;9;NA;1;NA;NA;scheuchzerie;NA;0;1;eriophorum_vaginatum;1;NA;somatochlora_arctica;;NA;MC_ME_JD;NA;NA;NA;17,5;10:24:00;10:33:00;00:09
TDC;NA;21/07/2021;1;2;MC;CJ;NA;NA;104;mare_a_scheuchzerie;NA;0;5;NA;1;NA;NA;scheuchzerie;NA;0;0;calluna_vulgaris;NA;NA;NA;;NA;NA;NA;NA;NA;17,5;10:34:00;10:39:00;00:05
TDC;NA;21/07/2021;1;2;MC;CJ;NA;NA;107;mare_a_scheuchzerie;NA;0;5;NA;1;NA;NA;scheuchzerie;NA;0;0;NA;NA;NA;NA;;NA;NA;NA;NA;NA;17,5;10:41:00;10:46:00;00:05
TDC;NA;21/07/2021;1;2;MC;CJ;NA;NA;106;mare_a_scheuchzerie;NA;0;5;NA;1;NA;NA;scheuchzerie;NA;0;0;NA;NA;NA;NA;;NA;NA;NA;NA;NA;17,5;10:46:00;10:51:00;00:05
TDC;NA;21/07/2021;1;2;MC;CJ;NA;NA;105;mare_a_scheuchzerie;NA;0;5;NA;1;NA;NA;scheuchzerie;molinie;0;0;NA;NA;NA;NA;;NA;NA;NA;NA;NA;17,5;10:52:00;10:57:00;00:05
TDC;NA;21/07/2021;1;2;MC;CJ;NA;NA;103;mare_a_scheuchzerie;NA;0;5;NA;1;NA;NA;scheuchzerie;molinie;0;0;calluna_vulgaris;NA;NA;NA;;NA;NA;NA;NA;NA;17,5;10:58:00;11:03:00;00:05
TDC;NA;21/07/2021;1;2;MC;CJ;NA;NA;101;mare_a_scheuchzerie;NA;0;5;NA;1;NA;NA;scheuchzerie;NA;0;0;NA;NA;NA;NA;;NA;NA;NA;NA;NA;17,5;11:03:00;11:08:00;00:05
TDC;NA;21/07/2021;1;2;MC;CJ;NA;NA;74;mare_a_sphaigne_verte;NA;1_10;5;NA;1;carex;NA;NA;molinie;0;0;NA;NA;NA;NA;;NA;NA;NA;NA;NA;17,5;11:24:00;11:29:00;00:05
TDC;NA;21/07/2021;1;2;MC;CJ;NA;NA;73;mare_a_sphaigne_verte;NA;0;5;NA;1;carex;NA;NA;NA;0;0;NA;NA;NA;NA;;NA;NA;NA;NA;NA;17,5;11:30:00;11:35:00;00:05
TDC;NA;21/07/2021;1;2;MC;CJ;NA;NA;52;groupement_a_sphaignes_rouges;NA;0;6;NA;1;NA;NA;scheuchzerie;NA;0;0;NA;NA;NA;NA;;NA;NA;NA;NA;NA;17,5;11:47:00;11:53:00;00:06
TDC;NA;21/07/2021;1;2;MC;CJ;NA;NA;55;groupement_a_sphaignes_rouges;NA;0;4;NA;0;NA;NA;NA;NA;0;0;calluna_vulgaris;NA;NA;NA;;NA;NA;NA;NA;NA;17,5;11:56:00;12:00:00;00:04
TDC;NA;21/07/2021;1;2;MC;CJ;NA;NA;57;groupement_a_sphaignes_rouges;NA;0;5;NA;1;NA;NA;NA;molinie;0;0;calluna_vulgaris;NA;NA;NA;;NA;NA;NA;NA;NA;17,5;12:00:00;12:05:00;00:05
TDC;NA;21/07/2021;1;2;MC;CJ;NA;NA;54;groupement_a_sphaignes_rouges;NA;0;5;NA;0;NA;NA;NA;NA;0;0;calluna_vulgaris;NA;NA;NA;;NA;NA;NA;NA;NA;17,5;12:05:00;12:10:00;00:05
TDC;NA;21/07/2021;1;2;MC;CJ;NA;NA;95;groupement_a_carex_rostrata;NA;1_10;6;NA;0;NA;NA;NA;NA;50;1;sphaigne_verte;6;NA;leucorrhinia_dubia;;NA;ME_MC;NA;NA;NA;17,5;13:09:00;13:15:00;00:06
TDC;NA;21/07/2021;1;2;MC;CJ;NA;NA;23;eau_libre;NA;0;7;NA;1;carex;NA;NA;NA;0;1;NA;10;NA;leucorrhinia_dubia;;NA;ME_MC;NA;NA;NA;17,5;13:16:00;13:23:00;00:07
TDC;NA;21/07/2021;1;2;MC;CJ;NA;NA;93;groupement_a_carex_rostrata;NA;0;5;NA;0;NA;NA;NA;NA;0;1;eriophorum_vaginatum;4;NA;leucorrhinia_dubia;;NA;ME_MC;NA;NA;NA;17,5;13:27:00;13:32:00;00:05
TDC;NA;21/07/2021;1;2;MC;CJ;NA;NA;89;groupement_a_carex_rostrata;NA;0;5;NA;1;NA;NA;NA;molinie;0;0;eriophorum_vaginatum;NA;NA;NA;;NA;NA;NA;NA;NA;17,5;13:34:00;13:39:00;00:05
TDC;NA;21/07/2021;1;2;MC;CJ;NA;NA;88;groupement_a_carex_rostrata;NA;1_10;5;NA;1;carex;NA;NA;molinie;0;1;eriophorum_vaginatum;1;NA;leucorrhinia_dubia;;NA;ME_MC;NA;NA;NA;17,5;13:41:00;13:46:00;00:05
TDC;NA;21/07/2021;1;2;MC;CJ;NA;NA;88;groupement_a_carex_rostrata;NA;1_10;5;NA;1;carex;NA;NA;molinie;0;1;eriophorum_vaginatum;2;NA;NA;leucorrhinia_dubia ou sympetrum_danae;NA;ME_MC;NA;NA;NA;17,5;13:41:00;13:46:00;00:05
TDC;NA;21/07/2021;1;2;MC;CJ;NA;NA;14;eau_libre;NA;61_70;7;NA;1;NA;NA;NA;molinie;0;1;NA;4;NA;leucorrhinia_dubia;;NA;ME_MC;NA;NA;NA;17,5;13:51:00;13:58:00;00:07
TDC;NA;21/07/2021;1;2;MC;CJ;NA;NA;91;groupement_a_carex_rostrata;NA;0;7;NA;1;carex;NA;NA;NA;0;1;NA;12;NA;leucorrhinia_dubia;;NA;ME_MC;NA;NA;NA;17,5;14:00:00;14:07:00;00:07
TDC;NA;21/07/2021;1;2;MC;CJ;NA;NA;91;groupement_a_carex_rostrata;NA;0;7;NA;1;carex;NA;NA;NA;0;1;NA;1;NA;NA;cordulie_degradee;NA;ME_MC;NA;NA;NA;17,5;14:00:00;14:07:00;00:07
TDC;NA;21/07/2021;1;2;MC;CJ;NA;NA;91;groupement_a_carex_rostrata;NA;0;7;NA;1;carex;NA;NA;NA;0;1;NA;4;NA;NA;leucorrhinia_dubia ou sympetrum_danae;NA;ME_MC;NA;NA;NA;17,5;14:00:00;14:07:00;00:07
TDC;NA;21/07/2021;1;2;MC;DM;NA;NA;42;tourbiere_tremblante;NA;0;5;NA;1;NA;NA;NA;molinie;0;0;NA;NA;NA;NA;;NA;NA;NA;NA;NA;17,5;14:29:00;14:34:00;00:05
TDC;NA;21/07/2021;1;2;MC;DM;NA;NA;86;groupement_a_carex_rostrata;NA;0;5;NA;1;carex;NA;NA;molinie;0;0;NA;NA;NA;NA;;NA;NA;NA;NA;NA;17,5;14:37:00;14:42:00;00:05
TDC;NA;21/07/2021;1;2;MC;DM;NA;NA;85;groupement_a_carex_rostrata;NA;0;5;NA;1;carex;NA;NA;molinie;0;0;NA;NA;NA;NA;;NA;NA;NA;NA;NA;17,5;14:44:00;14:49:00;00:05
TDC;NA;21/07/2021;1;2;MC;DM;NA;NA;35;tourbiere_tremblante;NA;0;5;NA;1;NA;NA;NA;molinie;0;0;NA;NA;NA;NA;;NA;NA;NA;NA;NA;17,5;14:49:00;14:54:00;00:05
TDC;NA;21/07/2021;1;2;MC;DM;NA;NA;10;eau_libre;NA;11_20;5;NA;1;NA;NA;NA;molinie;>1;1;NA;1;NA;leucorrhinia_dubia;;NA;ME_MC;NA;NA;NA;17,5;14:55:00;15:00:00;00:05
TDC;NA;21/07/2021;1;2;MC;DM;NA;NA;9;eau_libre;NA;31_40;5;NA;1;NA;NA;NA;molinie;>1;1;NA;6;NA;sympetrum_danae;;NA;ME_MC;NA;NA;NA;17,5;15:02:00;15:07:00;00:05
TDC;NA;21/07/2021;1;2;MC;DM;NA;NA;9;eau_libre;NA;31_40;5;NA;1;NA;NA;NA;molinie;>1;1;NA;9;NA;leucorrhinia_dubia;;NA;ME_MC;NA;NA;NA;17,5;15:02:00;15:07:00;00:05
TDC;NA;21/07/2021;1;2;MC;DM;NA;NA;34;tourbiere_tremblante;NA;1_10;5;NA;1;NA;NA;NA;molinie;>1;1;calluna_vulgaris;1;NA;leucorrhinia_dubia;;NA;ME_MC;NA;NA;NA;17,5;15:09:00;15:14:00;00:05
TDC;NA;21/07/2021;1;2;MC;DM;NA;NA;34;tourbiere_tremblante;NA;1_10;5;NA;1;NA;NA;NA;molinie;>1;1;calluna_vulgaris;1;NA;NA;leucorrhinia_dubia ou sympetrum_danae;NA;ME_MC;NA;NA;NA;17,5;15:09:00;15:14:00;00:05
TDC;NA;21/07/2021;1;2;MC;DM;NA;NA;33;tourbiere_tremblante;NA;0;5;NA;1;NA;NA;NA;molinie;0;0;eriophorum_vaginatum;NA;NA;NA;;NA;NA;NA;NA;NA;17,5;15:17:00;15:22:00;00:05
TDC;NA;21/07/2021;1;2;MC;DM;NA;NA;31;tourbiere_tremblante;NA;0;5;NA;0;NA;NA;NA;NA;0;0;NA;NA;NA;NA;;NA;NA;NA;NA;NA;17,5;15:24:00;15:29:00;00:05
TDC;NA;21/07/2021;1;2;MC;DM;NA;NA;116;mare_a_scheuchzerie;NA;0;5;NA;1;NA;NA;scheuchzerie;NA;0;0;NA;NA;NA;NA;;NA;NA;NA;NA;NA;17,5;15:30:00;15:35:00;00:05
TDC;NA;21/07/2021;1;2;MC;DM;NA;NA;115;mare_a_scheuchzerie;NA;0;5;NA;1;NA;NA;scheuchzerie;NA;0;0;NA;NA;NA;NA;;NA;NA;NA;NA;NA;17,5;15:37:00;15:42:00;00:05
TDC;NA;21/07/2021;1;2;MC;DM;NA;NA;27;tourbiere_tremblante;NA;0;5;NA;1;NA;NA;NA;molinie;0;0;NA;NA;NA;NA;;NA;NA;NA;NA;NA;17,5;15:43:00;15:48:00;00:05
TDC;NA;21/07/2021;1;1;TH;NA;NA;NA;98;mare_a_scheuchzerie;NA;1_10;10;NA;1;NA;NA;scheuchzerie;NA;5;0;sphaigne_verte;NA;NA;NA;;NA;NA;NA;NA;NA;17,5;10:23:00;10:33:00;00:10
TDC;NA;21/07/2021;1;1;TH;NA;NA;NA;108;mare_a_scheuchzerie;NA;0;9;NA;1;NA;NA;scheuchzerie;NA;0;0;sphaigne_verte;NA;NA;NA;;NA;NA;NA;NA;NA;17,5;10:34:00;10:43:00;00:09
TDC;NA;21/07/2021;1;1;TH;NA;NA;NA;109;mare_a_scheuchzerie;NA;0;10;NA;1;NA;NA;scheuchzerie;NA;0;0;sphaigne_verte_1_L_dubia_mort;NA;NA;NA;;NA;NA;NA;NA;NA;17,5;10:43:00;10:53:00;00:10
TDC;NA;21/07/2021;1;1;TH;NA;NA;NA;111;mare_a_scheuchzerie;NA;0;7;NA;1;carex;NA;scheuchzerie;NA;0;0;sphaigne_verte;NA;NA;NA;;NA;NA;NA;NA;NA;17,5;10:58:00;11:05:00;00:07
TDC;NA;21/07/2021;1;1;TH;NA;NA;NA;102;mare_a_scheuchzerie;NA;0;5;NA;1;NA;NA;scheuchzerie;NA;0;0;sphaigne_verte;NA;NA;NA;;NA;NA;NA;NA;NA;17,5;11:06:00;11:11:00;00:05
TDC;NA;21/07/2021;1;1;TH;NA;NA;NA;75;mare_a_sphaigne_verte;NA;1;8;NA;1;carex;NA;NA;NA;5;0;carex_rostrata;NA;NA;NA;;NA;NA;NA;NA;NA;17,5;11:24:00;11:32:00;00:08
TDC;NA;21/07/2021;1;3;TH;MC;CJ;NA;76;mare_a_sphaigne_verte;NA;0;4;NA;1;carex;NA;NA;NA;0;0;carex_rostrata;NA;NA;NA;;NA;NA;NA;NA;NA;17,5;11:38:00;11:42:00;00:04
TDC;NA;21/07/2021;1;1;TH;NA;NA;NA;56;groupement_a_sphaignes_rouges;NA;0;9;NA;1;NA;NA;scheuchzerie;NA;0;0;NA;NA;NA;NA;;NA;NA;NA;NA;NA;17,5;11:47:00;11:56:00;00:09
TDC;NA;21/07/2021;1;1;TH;NA;NA;NA;96;groupement_a_carex_rostrata;NA;0;8;NA;1;carex;NA;NA;NA;0;0;eriophorum_vaginatum;NA;NA;NA;;NA;NA;NA;NA;NA;17,5;13:09:00;13:17:00;00:08
TDC;NA;21/07/2021;1;1;TH;NA;NA;NA;94;groupement_a_carex_rostrata;NA;0;7;NA;1;carex;NA;NA;NA;0;1;NA;4;NA;leucorrhinia_dubia;;NA;ME_MC;NA;NA;NA;17,5;13:21:00;13:28:00;00:07
TDC;NA;21/07/2021;1;1;TH;NA;NA;NA;94;groupement_a_carex_rostrata;NA;0;7;NA;1;carex;NA;NA;NA;0;1;NA;1;NA;cordulia_aenea;;NA;ME_MC_JD;NA;NA;NA;17,5;13:21:00;13:28:00;00:07
TDC;NA;21/07/2021;1;1;TH;NA;NA;NA;94;groupement_a_carex_rostrata;NA;0;7;NA;1;carex;NA;NA;NA;0;1;NA;1;NA;sympetrum_danae;;NA;ME_MC;NA;NA;NA;17,5;13:21:00;13:28:00;00:07
TDC;NA;21/07/2021;1;1;TH;NA;NA;NA;92;groupement_a_carex_rostrata;NA;0;9;NA;1;carex;NA;NA;NA;0;1;eriophorum_vaginatum;1;NA;leucorrhinia_dubia;;NA;ME_MC;NA;NA;NA;17,5;13:29:00;13:38:00;00:09
TDC;NA;21/07/2021;1;1;TH;NA;NA;NA;90;groupement_a_carex_rostrata;NA;0;9;NA;1;carex;NA;NA;NA;0;1;eriophorum_vaginatum;13;NA;leucorrhinia_dubia;;NA;ME_MC;NA;NA;NA;17,5;13:40:00;13:49:00;00:09
TDC;NA;21/07/2021;1;1;TH;NA;NA;NA;90;groupement_a_carex_rostrata;NA;0;9;NA;1;carex;NA;NA;NA;0;1;eriophorum_vaginatum;6;NA;sympetrum_danae;;NA;ME_MC;NA;NA;NA;17,5;13:40:00;13:49:00;00:09
TDC;NA;21/07/2021;1;1;TH;NA;NA;NA;11;eau_libre;NA;41_50;10;NA;1;NA;NA;NA;molinie;60;1;NA;14;NA;leucorrhinia_dubia;;NA;ME_MC;NA;NA;NA;17,5;13:51:00;14:01:00;00:10
TDC;NA;21/07/2021;1;1;TH;NA;NA;NA;11;eau_libre;NA;41_50;10;NA;1;NA;NA;NA;molinie;60;1;NA;10;NA;NA;libellulidae_degradees;NA;ME_MC;NA;NA;NA;17,5;13:51:00;14:01:00;00:10
TDC;NA;21/07/2021;1;1;TH;NA;NA;NA;11;eau_libre;NA;41_50;10;NA;1;NA;NA;NA;molinie;60;1;NA;1;NA;anax_imperator;;NA;ME_MC;NA;NA;NA;17,5;13:51:00;14:01:00;00:10
TDC;NA;21/07/2021;1;2;TH;MC;NA;NA;16;eau_libre;NA;31_40;8;NA;1;NA;NA;NA;molinie;50;1;moliniaie;6;NA;leucorrhinia_dubia;;NA;ME_MC;NA;NA;NA;17,5;14:10:00;14:18:00;00:08
TDC;NA;21/07/2021;1;2;TH;MC;NA;NA;16;eau_libre;NA;31_40;8;NA;1;NA;NA;NA;molinie;50;1;moliniaie;1;NA;sympetrum_danae;;NA;ME_MC;NA;NA;NA;17,5;14:10:00;14:18:00;00:08
TDC;NA;21/07/2021;1;2;TH;MC;NA;NA;16;eau_libre;NA;31_40;8;NA;1;NA;NA;NA;molinie;50;1;moliniaie;NA;1;NA;zygoptere;NA;ME_MC;NA;NA;NA;17,5;14:10:00;14:18:00;00:08
TDC;NA;21/07/2021;1;2;TH;CJ;NA;NA;46;tourbiere_tremblante;NA;0;5;NA;1;NA;NA;NA;molinie;0;0;sphaigne_verte_eriophorum_vaginatum;NA;NA;NA;;NA;NA;NA;NA;NA;17,5;14:27:00;14:32:00;00:05
TDC;NA;21/07/2021;1;2;TH;CJ;NA;NA;38;tourbiere_tremblante;NA;0;5;NA;1;NA;NA;NA;molinie;0;0;sphaigne_verte_eriophorum_vaginatum;NA;NA;NA;;NA;NA;NA;NA;NA;17,5;14:34:00;14:39:00;00:05
TDC;NA;21/07/2021;1;2;TH;CJ;NA;NA;83;groupement_a_carex_rostrata;NA;0;5;NA;1;carex;NA;NA;NA;0;1;eriophorum_vaginatum;1;NA;NA;leucorrhinia_dubia ou sympetrum_danae;NA;ME_MC;NA;NA;NA;17,5;14:40:00;14:45:00;00:05
TDC;NA;21/07/2021;1;2;TH;CJ;NA;NA;81;groupement_a_carex_rostrata;NA;0;5;NA;1;carex;NA;NA;molinie;0;1;NA;1;NA;aeshna_subarctica_elisabethae;;NA;ME_MC;NA;NA;NA;17,5;14:46:00;14:51:00;00:05
TDC;NA;21/07/2021;1;2;TH;CJ;NA;NA;80;groupement_a_carex_rostrata;NA;0;5;NA;1;carex;NA;NA;molinie;0;1;eriophorum_vaginatum;3;NA;NA;leucorrhinia_dubia ou sympetrum_danae;NA;ME_MC;NA;NA;NA;17,5;14:51:00;14:56:00;00:05
TDC;NA;21/07/2021;1;2;TH;CJ;NA;NA;29;tourbiere_tremblante;NA;0;4;NA;0;NA;NA;NA;NA;0;0;sphaigne_rouge_eriophorum_vaginatum;NA;NA;NA;;NA;NA;NA;NA;NA;17,5;14:56:00;15:00:00;00:04
TDC;NA;21/07/2021;1;2;TH;CJ;NA;NA;79;groupement_a_carex_rostrata;NA;0;5;NA;1;carex;NA;NA;NA;0;1;sphaigne_verte_eriophorum_vaginatum;4;NA;leucorrhinia_dubia;;NA;ME_MC;NA;NA;NA;17,5;15:00:00;15:05:00;00:05
TDC;NA;21/07/2021;1;2;TH;CJ;NA;NA;79;groupement_a_carex_rostrata;NA;0;5;NA;1;carex;NA;NA;NA;0;1;sphaigne_verte_eriophorum_vaginatum;2;NA;somatochlora_arctica;;NA;ME_MC;NA;NA;NA;17,5;15:00:00;15:05:00;00:05
TDC;NA;21/07/2021;1;2;TH;CJ;NA;NA;6;eau_libre;NA;41_50;7;NA;1;NA;NA;NA;molinie;60;1;NA;6;NA;leucorrhinia_dubia;;NA;ME_MC;NA;NA;NA;17,5;15:05:00;15:12:00;00:07
TDC;NA;21/07/2021;1;2;TH;CJ;NA;NA;6;eau_libre;NA;41_50;7;NA;1;NA;NA;NA;molinie;60;1;NA;6;NA;NA;leucorrhinia_dubia ou sympetrum_danae;NA;ME_MC;NA;NA;NA;17,5;15:05:00;15:12:00;00:07
TDC;NA;21/07/2021;1;2;TH;CJ;NA;NA;7;eau_libre;NA;41_50;5;NA;1;NA;NA;NA;molinie;60;1;NA;2;NA;leucorrhinia_dubia;;NA;ME_MC;NA;NA;NA;17,5;15:12:00;15:17:00;00:05
TDC;NA;21/07/2021;1;2;TH;CJ;NA;NA;8;eau_libre;NA;41_50;5;NA;1;NA;NA;NA;molinie;60;1;NA;10;NA;NA;;NA;NA;NA;NA;NA;17,5;15:17:00;15:22:00;00:05
TDC;NA;21/07/2021;1;2;TH;CJ;NA;NA;0;eau_libre;NA;41_50;5;NA;1;NA;NA;NA;molinie;60;1;NA;NA;1;NA;zygoptere;NA;ME_MC;NA;NA;NA;17,5;15:22:00;15:27:00;00:05
TDC;NA;21/07/2021;1;2;TH;CJ;NA;NA;0;eau_libre;NA;41_50;5;NA;1;NA;NA;NA;molinie;60;1;NA;10;NA;leucorrhinia_dubia;;NA;ME_MC;NA;NA;NA;17,5;15:22:00;15:27:00;00:05
TDC;NA;21/07/2021;1;2;TH;CJ;NA;NA;3;eau_libre;NA;31_40;6;NA;1;NA;NA;NA;molinie;60;1;1 ind. L. dubia mort;13;NA;leucorrhinia_dubia;;NA;ME_MC;NA;NA;NA;17,5;15:28:00;15:34:00;00:06
TDC;NA;21/07/2021;1;2;TH;CJ;NA;NA;26;tourbiere_tremblante;NA;0;4;NA;0;NA;NA;NA;NA;0;0;sphaigne_verte_eriophorum_vaginatum;NA;NA;NA;;NA;NA;NA;NA;NA;17,5;15:38:00;15:42:00;00:04
TDC;NA;21/07/2021;1;2;TH;CJ;NA;NA;113;mare_a_scheuchzerie;NA;0;2;NA;1;NA;NA;scheuchzerie;molinie;0;0;sphaigne_verte;NA;NA;NA;;NA;NA;NA;NA;NA;17,5;15:42:00;15:44:00;00:02
TDC;NA;21/07/2021;1;2;TH;CJ;NA;NA;25;tourbiere_tremblante;NA;0;4;NA;1;NA;NA;scheuchzerie;molinie;0;0;sphaigne_verte;NA;NA;NA;;NA;NA;NA;NA;NA;17,5;15:45:00;15:49:00;00:04
TDC;NA;22/07/2021;1;2;MC;ME;NA;NA;61;groupement_a_sphaignes_rouges;NA;0;5;NA;1;NA;NA;NA;molinie;0;0;tres_sec_eriophorum_vaginatum_calluna_vulgaris;NA;NA;NA;;NA;NA;NA;NA;NA;17,5;14:49:00;14:54:00;00:05
TDC;NA;22/07/2021;1;2;MC;ME;NA;NA;60;groupement_a_sphaignes_rouges;NA;0;5;NA;0;NA;NA;NA;NA;0;0;tres_sec_eriophorum_vaginatum_calluna_vulgaris;NA;NA;NA;;NA;NA;NA;NA;NA;17,5;14:55:00;15:00:00;00:05
TDC;NA;22/07/2021;1;2;MC;ME;NA;NA;40;tourbiere_tremblante;NA;0;5;NA;1;carex;NA;scheuchzerie;NA;0;0;eriophorum_vaginatum_calluna_vulgaris;NA;NA;NA;;NA;NA;NA;NA;NA;17,5;15:04:00;15:09:00;00:05
TDC;NA;22/07/2021;1;2;MC;ME;NA;NA;37;tourbiere_tremblante;NA;0;5;NA;0;NA;NA;NA;NA;0;1;eriophorum_vaginatum_calluna_vulgaris;1;NA;somatochlora_arctica;;NA;ME_MC;NA;NA;NA;17,5;15:12:00;15:17:00;00:05
TDC;NA;22/07/2021;1;2;MC;ME;NA;NA;36;tourbiere_tremblante;NA;0;5;NA;1;NA;NA;NA;molinie;0;0;eriophorum_vaginatum;NA;NA;NA;;NA;NA;NA;NA;NA;17,5;15:20:00;15:25:00;00:05
TDC;NA;22/07/2021;1;2;MC;ME;NA;NA;39;tourbiere_tremblante;NA;0;5;NA;0;NA;NA;NA;NA;0;0;tres_sec_eriophorum_vaginatum_calluna_vulgaris;NA;NA;NA;;NA;NA;NA;NA;NA;17,5;15:27:00;15:32:00;00:05
TDC;NA;22/07/2021;1;2;MC;ME;NA;NA;43;tourbiere_tremblante;NA;0;6;NA;1;NA;NA;scheuchzerie;NA;0;0;sphaigne_rouge_verte;NA;NA;NA;;NA;NA;NA;NA;NA;17,5;15:33:00;15:39:00;00:06
TDC;NA;22/07/2021;1;2;MC;ME;NA;NA;67;groupement_a_sphaignes_rouges;NA;0;5;NA;1;carex;NA;scheuchzerie;NA;0;0;eriophorum_vaginatum_andromeda_polifolia;NA;NA;NA;;NA;NA;NA;NA;NA;17,5;15:42:00;15:47:00;00:05
TDC;NA;22/07/2021;1;2;MC;ME;NA;NA;68;groupement_a_sphaignes_rouges;NA;0;5;NA;1;carex;NA;scheuchzerie;NA;0;0;eriophorum_vaginatum_andromeda_polifolia;NA;NA;NA;;NA;NA;NA;NA;NA;17,5;15:47:00;15:52:00;00:05
TDC;NA;22/07/2021;1;2;MC;ME;NA;NA;69;groupement_a_sphaignes_rouges;NA;0;5;NA;1;NA;NA;scheuchzerie;molinie;0;0;eriophorum_vaginatum_calluna_vulgaris;NA;NA;NA;;NA;NA;NA;NA;NA;17,5;15:53:00;15:58:00;00:05
TDC;NA;22/07/2021;1;2;MC;ME;NA;NA;64;groupement_a_sphaignes_rouges;NA;0;5;NA;1;NA;NA;scheuchzerie;NA;0;0;tres_sec_eriophorum_vaginatum_calluna_vulgaris;NA;NA;NA;;NA;NA;NA;NA;NA;17,5;15:58:00;16:03:00;00:05
TDC;NA;22/07/2021;1;2;MC;ME;NA;NA;65;groupement_a_sphaignes_rouges;NA;0;5;NA;0;NA;NA;NA;NA;0;0;eriophorum_vaginatum_andromeda_polifolia;NA;NA;NA;;NA;NA;NA;NA;NA;17,5;16:03:00;16:08:00;00:05
TDC;NA;22/07/2021;1;2;MC;ME;NA;NA;97;mare_a_sphaigne_verte;NA;1_10;7;NA;1;NA;NA;scheuchzerie;molinie;2;0;NA;NA;NA;NA;;NA;NA;NA;NA;NA;17,5;16:14:00;16:21:00;00:07
TDC;NA;22/07/2021;1;2;MC;ME;NA;NA;120;mare_a_scheuchzerie;NA;0;14;NA;1;NA;NA;scheuchzerie;molinie;0;0;calluna_vulgaris_andromeda_polifolia;NA;NA;NA;;NA;NA;NA;NA;NA;17,5;16:22:00;16:36:00;00:14
TGF;NA;11/08/2021;2;2;ME;BH;NA;NA;10;zone_a_sphaignes;NA;1_10;5;NA;1;carex;joncs;NA;NA;20;0;NA;NA;NA;NA;;NA;NA;NA;NA;NA;16,3;10:10:00;10:15:00;00:05
TGF;NA;11/08/2021;2;2;ME;BH;NA;NA;9;mare_d_eau_libre;NA;31_40;5;NA;1;carex;joncs;NA;NA;30;1;NA;1;NA;aeshna_juncea;;NA;MC;NA;NA;NA;16,3;10:23:00;10:28:00;00:05
TGF;NA;11/08/2021;2;2;ME;BH;NA;NA;64;mare_d_eau_libre;NA;1_10;5;NA;1;NA;joncs;NA;NA;10;0;NA;NA;NA;NA;;NA;NA;NA;NA;NA;16,3;10:35:00;10:40:00;00:05
TGF;NA;11/08/2021;2;2;ME;BH;NA;NA;18;mare_a_sphaignes;NA;0;5;NA;1;carex;joncs;scheuchzerie;NA;0;0;NA;NA;NA;NA;;NA;NA;NA;NA;NA;16,3;10:44:00;10:49:00;00:05
TGF;NA;11/08/2021;2;2;ME;BH;NA;NA;6;zone_a_sphaignes;NA;1_10;5;NA;1;NA;joncs;NA;NA;35;0;NA;NA;NA;NA;;NA;NA;NA;NA;NA;16,3;10:54:00;10:59:00;00:05
TGF;NA;11/08/2021;2;2;ME;BH;NA;NA;5;mare_d_eau_libre;NA;41_50;5;NA;1;carex;NA;NA;NA;35;0;NA;NA;NA;NA;;NA;NA;NA;NA;NA;17,6;11:02:00;11:07:00;00:05
TGF;NA;11/08/2021;2;2;ME;BH;NA;NA;11;mare_d_eau_libre;NA;61_70;7;NA;1;NA;NA;scheuchzerie;NA;10;0;NA;NA;NA;NA;;NA;NA;NA;NA;NA;17,6;11:13:00;11:20:00;00:07
TGF;NA;11/08/2021;2;2;ME;BH;NA;NA;1;mare_d_eau_libre;NA;1_10;5;NA;1;NA;joncs;NA;NA;30;0;NA;NA;NA;NA;;NA;NA;NA;NA;NA;17,6;11:26:00;11:31:00;00:05
TGF;NA;11/08/2021;2;2;ME;BH;NA;NA;0;zone_a_sphaignes;NA;0;5;NA;1;carex;joncs;scheuchzerie;NA;0;0;NA;NA;NA;NA;;NA;NA;NA;NA;NA;17,6;11:34:00;11:39:00;00:05
TGF;NA;11/08/2021;2;2;ME;BH;NA;NA;7;zone_a_sphaignes;NA;0;5;NA;1;carex;joncs;scheuchzerie;NA;0;0;NA;NA;NA;NA;;NA;NA;NA;NA;NA;17,6;11:43:00;11:48:00;00:05
TGF;NA;11/08/2021;2;2;ME;BH;NA;NA;19;tremblants_a_sphaigne;NA;0;5;NA;1;carex;joncs;scheuchzerie;NA;0;0;NA;NA;NA;NA;;NA;NA;NA;NA;NA;17,6;11:53:00;11:58:00;00:05
TGF;NA;11/08/2021;2;2;ME;BH;NA;NA;15;mare_d_eau_libre;NA;1_10;5;NA;1;carex;joncs;scheuchzerie;NA;10;0;NA;NA;NA;NA;;NA;NA;NA;NA;NA;17,6;12:02:00;12:07:00;00:05
TGF;NA;11/08/2021;2;2;ME;BH;NA;NA;21;mare_d_eau_libre;NA;11_20;5;NA;1;NA;joncs;NA;NA;10;0;NA;NA;NA;NA;;NA;NA;NA;NA;NA;16,3;12:09:00;12:14:00;00:05
TGF;NA;11/08/2021;2;2;ME;BH;NA;NA;17;zone_a_sphaignes;NA;11_20;5;NA;1;carex;joncs;NA;NA;15;0;NA;NA;NA;NA;;NA;NA;NA;NA;NA;16,3;12:21:00;12:26:00;00:05
TGF;NA;11/08/2021;2;1;MC;NA;NA;NA;8;mare_d_eau_libre;NA;1_10;10;NA;1;carex;NA;NA;NA;10;0;sphaigne_rouge_calluna_vulgaris;NA;NA;NA;;NA;NA;NA;NA;NA;16,3;10:22:00;10:32:00;00:10
TGF;NA;11/08/2021;2;1;MC;NA;NA;NA;12;zone_a_sphaignes;NA;0;10;NA;1;carex;NA;scheuchzerie;NA;0;0;NA;NA;NA;NA;;NA;NA;NA;NA;NA;16,3;10:32:00;10:42:00;00:10
TGF;NA;11/08/2021;2;1;MC;NA;NA;NA;14;mare_a_sphaignes;NA;0;8;NA;1;carex;NA;NA;NA;0;0;sphaigne_verte_calluna_vulgaris;NA;NA;NA;;NA;NA;NA;NA;NA;16,3;10:43:00;10:51:00;00:08
TGF;NA;11/08/2021;2;1;MC;NA;NA;NA;16;mare_a_sphaignes;NA;0;8;NA;1;carex;NA;scheuchzerie;NA;0;0;sphaigne_verte_calluna_vulgaris;NA;NA;NA;;NA;NA;NA;NA;NA;16,3;10:51:00;10:59:00;00:08
TGF;NA;11/08/2021;2;1;MC;NA;NA;NA;73;zone_a_sphaignes;NA;1_10;8;NA;1;carex;NA;NA;NA;3;0;calluna_vulgaris;NA;NA;NA;;NA;NA;NA;NA;NA;16,3;11:00:00;11:08:00;00:08
TGF;NA;11/08/2021;2;1;MC;NA;NA;NA;74;zone_a_sphaignes;NA;1_10;9;NA;1;carex;NA;NA;NA;3;0;calluna_vulgaris;NA;NA;NA;;NA;NA;NA;NA;NA;17,6;11:08:00;11:17:00;00:09
TGF;NA;11/08/2021;2;1;MC;NA;NA;NA;32;mare_a_sphaignes;NA;0;9;NA;1;carex;NA;scheuchzerie;NA;0;0;sphaigne_verte_calluna_vulgaris;NA;NA;NA;;NA;NA;NA;NA;NA;17,6;11:17:00;11:26:00;00:09
TGF;NA;11/08/2021;2;1;MC;NA;NA;NA;13;mare_d_eau_libre;NA;1_10;10;NA;1;NA;NA;scheuchzerie;NA;2;1;non récoltée : exuvie non utilisable dans l'eau ;NA;NA;NA;;NA;NA;NA;NA;NA;17,6;11:26:00;11:36:00;00:10
TGF;NA;11/08/2021;2;1;MC;NA;NA;NA;70;zone_a_sphaignes;NA;0;9;NA;1;NA;NA;scheuchzerie;NA;0;0;eriophorum_vaginatum_calluna_vulgaris;NA;NA;NA;;NA;NA;NA;NA;NA;17,6;11:36:00;11:45:00;00:09
TGF;NA;11/08/2021;2;1;MC;NA;NA;NA;82;mare_d_eau_libre;NA;1_10;9;NA;1;carex;NA;scheuchzerie;NA;5;0;eriophorum_vaginatum_calluna_vulgaris;NA;NA;NA;;NA;NA;NA;NA;NA;17,6;11:45:00;11:54:00;00:09
TGF;NA;11/08/2021;2;1;MC;NA;NA;NA;79;zone_a_sphaignes;NA;1_10;10;NA;1;NA;NA;scheuchzerie;NA;3;0;eriophorum_vaginatum_calluna_vulgaris;NA;NA;NA;;NA;NA;NA;NA;NA;17,6;11:54:00;12:04:00;00:10
TGF;NA;11/08/2021;2;1;MC;NA;NA;NA;81;zone_a_sphaignes;NA;0;10;NA;0;NA;NA;NA;NA;0;0;eriophorum_vaginatum_calluna_vulgaris;NA;NA;NA;;NA;NA;NA;NA;NA;17,6;11:54:00;12:04:00;00:10
TGF;NA;11/08/2021;2;1;MC;NA;NA;NA;77;zone_a_sphaignes;NA;0;11;NA;1;carex;NA;NA;NA;0;0;eriophorum_vaginatum_calluna_vulgaris;NA;NA;NA;;NA;NA;NA;NA;NA;18,3;12:04:00;12:15:00;00:11
TGF;NA;11/08/2021;2;1;MC;NA;NA;NA;75;zone_a_sphaignes;NA;1_10;11;NA;0;NA;NA;NA;NA;3;0;eriophorum_vaginatum_calluna_vulgaris;NA;NA;NA;;NA;NA;NA;NA;NA;18,3;12:04:00;12:15:00;00:11
TGF;NA;11/08/2021;2;1;MC;NA;NA;NA;83;mare_d_eau_libre;NA;31_40;10;NA;1;carex;NA;NA;NA;10;0;eriophorum_vaginatum;NA;NA;NA;;NA;NA;NA;NA;NA;18,3;12:15:00;12:25:00;00:10
TGF;NA;11/08/2021;2;3;MC;ME;BH;NA;51;bas_marais;NA;0;5;NA;1;carex;NA;NA;NA;0;0;eriophorum_angustifolium;NA;NA;NA;;NA;NA;NA;NA;NA;20,2;13:40:00;13:45:00;00:05
TGF;NA;11/08/2021;2;3;MC;ME;BH;NA;53;bas_marais;NA;0;5;NA;1;NA;NA;NA;molinie;0;0;poacee;NA;NA;NA;;NA;NA;NA;NA;NA;20,2;13:50:00;13:55:00;00:05
TGF;NA;11/08/2021;2;3;MC;ME;BH;NA;56;bas_marais;NA;0;5;NA;1;carex;NA;NA;molinie;0;0;eriophorum_vaginatum;NA;NA;NA;;NA;NA;NA;NA;NA;20,2;13:58:00;14:03:00;00:05
TGF;NA;11/08/2021;2;3;MC;ME;BH;NA;50;bas_marais;NA;1_10;5;NA;1;carex;NA;NA;molinie;20;0;NA;NA;NA;NA;;NA;NA;NA;NA;NA;20,2;14:12:00;14:17:00;00:05
TGF;NA;11/08/2021;2;3;MC;ME;BH;NA;23;fosse_d_extraction;NA;11_20;5;NA;1;carex;NA;NA;NA;10;0;eriophorum_vaginatum;NA;NA;NA;;NA;NA;NA;NA;NA;20,2;14:25:00;14:30:00;00:05
TGF;NA;11/08/2021;2;3;MC;ME;BH;NA;48;bas_marais;NA;0;5;NA;1;carex;NA;NA;molinie;0;0;NA;NA;NA;NA;;NA;NA;NA;NA;NA;20,2;14:39:00;14:44:00;00:05
TGF;NA;11/08/2021;2;3;MC;ME;BH;NA;46;bas_marais;NA;0;5;NA;1;carex;NA;NA;molinie;0;0;NA;NA;NA;NA;;NA;NA;NA;NA;NA;20,2;14:49:00;14:54:00;00:05
TGF;NA;11/08/2021;2;1;MC;NA;NA;NA;43;bas_marais;NA;1_10;10;NA;1;carex;joncs;NA;molinie;5;0;cours_d_eau_poacee;NA;NA;NA;;NA;NA;NA;NA;NA;20,9;16:40:00;16:50:00;00:10
TGF;NA;11/08/2021;2;1;MC;NA;NA;NA;44;bas_marais;NA;1_10;10;NA;1;NA;joncs;NA;molinie;10;0;cours_d_eau_poacee_1_exuvie_zygoptere_perdue;NA;NA;NA;;NA;NA;NA;NA;NA;20,9;17:02:00;17:12:00;00:10
TGF;NA;12/08/2021;2;1;MC;NA;NA;NA;40;fosse_d_extraction;NA;51_60;10;NA;1;carex;NA;NA;NA;20;1;sphaigne_rouge;1;NA;aeshna_cyanea;;NA;MC_JD;NA;NA;NA;22,2;14:55:00;15:05:00;00:10
TGF;NA;12/08/2021;2;1;MC;NA;NA;NA;38;fosse_d_extraction;NA;41_50;10;NA;0;NA;NA;NA;NA;30;1;sphaigne_rouge;1;NA;somatochlora_arctica;;NA;MC_JD;NA;NA;NA;22,2;15:09:00;15:19:00;00:10
TGF;NA;12/08/2021;2;1;MC;NA;NA;NA;39;fosse_d_extraction;NA;31_40;10;NA;0;NA;NA;NA;NA;20;1;sphaigne_rouge;1;NA;NA;degradee;NA;MC;NA;NA;NA;22,2;15:22:00;15:32:00;00:10
TGF;NA;12/08/2021;2;1;MC;NA;NA;NA;39;fosse_d_extraction;NA;31_40;10;NA;0;NA;NA;NA;NA;20;1;sphaigne_rouge;1;NA;leucorrhinia_dubia;;NA;MC;NA;NA;NA;22,2;15:22:00;15:32:00;00:10
TGF;NA;12/08/2021;2;1;MC;NA;NA;NA;37;fosse_d_extraction;NA;21_30;10;NA;1;carex;NA;NA;NA;20;0;eriophorum_vaginatum_calluna_vulgaris;NA;NA;NA;;NA;NA;NA;NA;NA;22,2;15:35:00;15:45:00;00:10
TGF;NA;12/08/2021;2;1;MC;NA;NA;NA;41;fosse_d_extraction;NA;1_10;10;NA;1;carex;NA;NA;NA;2;0;eriophorum_vaginatum_calluna_vulgaris;NA;NA;NA;;NA;NA;NA;NA;NA;22,2;15:48:00;15:58:00;00:10
TGF;NA;13/08/2021;2;1;MC;NA;NA;NA;91;zone_a_sphaignes;NA;0;10;NA;1;carex;NA;NA;molinie;0;0;eriophorum_vaginatum_calluna_vulgaris;NA;NA;NA;;NA;NA;NA;NA;NA;19,6;09:43:00;09:53:00;00:10
TGF;NA;13/08/2021;2;1;MC;NA;NA;NA;34;fosse_d_extraction;NA;31_40;10;NA;1;carex;NA;NA;NA;30;0;1 larve vivante type aeschna / eriophorum_vaginatum_calluna_vulgaris;NA;NA;NA;;NA;NA;NA;NA;NA;19,6;09:58:00;10:08:00;00:10
TGF;NA;13/08/2021;2;1;MC;NA;NA;NA;58;bas_marais;NA;1_10;10;NA;1;carex;NA;NA;NA;2;0;poacee;NA;NA;NA;;NA;NA;NA;NA;NA;19,6;10:16:00;10:26:00;00:10
TGF;NA;13/08/2021;2;1;MC;NA;NA;NA;61;bas_marais;NA;0;10;NA;1;carex;NA;scheuchzerie;molinie;0;0;poacee_arex_rostrata;NA;NA;NA;;NA;NA;NA;NA;NA;19,6;10:33:00;10:43:00;00:10
TGF;NA;13/08/2021;2;1;MC;NA;NA;NA;62;bas_marais;NA;1_10;10;NA;1;carex;NA;scheuchzerie;molinie;3;0;NA;NA;NA;NA;;NA;NA;NA;NA;NA;19,6;10:45:00;10:55:00;00:10
TGF;NA;13/08/2021;2;1;MC;NA;NA;NA;36;fosse_d_extraction;NA;1_10;10;NA;1;carex;NA;NA;NA;3;0;eriophorum_vaginatum_calluna_vulgaris;NA;NA;NA;;NA;NA;NA;NA;NA;19,6;10:57:00;11:07:00;00:10
TGF;NA;13/08/2021;2;1;MC;NA;NA;NA;59;bas_marais;NA;1_10;10;NA;1;carex;NA;scheuchzerie;molinie;4;0;poacee_eriophorum_vaginatum;NA;NA;NA;;NA;NA;NA;NA;NA;19,6;11:14:00;11:24:00;00:10
TGF;NA;13/08/2021;2;1;MC;NA;NA;NA;33;mare_a_sphaignes;NA;0;10;NA;1;carex;NA;NA;molinie;0;0;sphaigne_verte_rouge;NA;NA;NA;;NA;NA;NA;NA;NA;19,6;11:26:00;11:36:00;00:10
TGF;NA;13/08/2021;2;1;MC;NA;NA;NA;22;mare_a_sphaignes;NA;1_10;10;NA;1;carex;NA;NA;molinie;2;0;sphaigne_verte_rouge;NA;NA;NA;;NA;NA;NA;NA;NA;19,6;11:41:00;11:51:00;00:10
TGF;NA;13/08/2021;2;1;MC;NA;NA;NA;57;bas_marais;NA;1_10;10;NA;1;carex;NA;NA;molinie;3;0;sphaigne_verte_poacee;NA;NA;NA;;NA;NA;NA;NA;NA;19,6;11:57:00;12:07:00;00:10
TGF;NA;13/08/2021;2;1;MC;NA;NA;NA;31;fosse_d_extraction;NA;11_20;10;NA;1;carex;NA;NA;NA;3;1;sphaigne_eriophorum_vaginatum;1;NA;aeshna_subarctica_elisabethae;;NA;MC;NA;NA;NA;20,2;12:12:00;12:22:00;00:10
TGF;NA;13/08/2021;2;2;ME;DM;NA;NA;86;zone_a_sphaignes;NA;21_30;5;NA;1;carex;NA;NA;molinie;20;0;eriophorum_vaginatum_calluna_vulgaris;NA;NA;NA;;NA;NA;NA;NA;NA;19,6;09:44:00;09:49:00;00:05
TGF;NA;13/08/2021;2;2;ME;DM;NA;NA;35;fosse_d_extraction;NA;31_40;5;NA;1;carex;NA;NA;NA;20;0;eriophorum_vaginatum_calluna_vulgaris;NA;NA;NA;;NA;NA;NA;NA;NA;19,6;09:58:00;10:03:00;00:05
TGF;NA;13/08/2021;2;2;ME;DM;NA;NA;29;fosse_d_extraction;NA;0;5;NA;1;carex;NA;NA;NA;0;0;eriophorum_vaginatum_calluna_vulgaris;NA;NA;NA;;NA;NA;NA;NA;NA;19,6;10:32:00;10:37:00;00:05
TGF;NA;13/08/2021;2;2;ME;DM;NA;NA;28;fosse_d_extraction;NA;31_40;5;NA;1;carex;NA;NA;molinie;15;1;listere_cordée;2;NA;aeshna_subarctica_elisabethae;;NA;MC;NA;NA;NA;19,6;10:42:00;10:47:00;00:05
TGF;NA;13/08/2021;2;2;ME;DM;NA;NA;52;bas_marais;NA;0;5;NA;1;carex;NA;NA;molinie;0;0;NA;NA;NA;NA;;NA;NA;NA;NA;NA;19,6;11:06:00;11:11:00;00:05
TGF;NA;13/08/2021;2;2;ME;DM;NA;NA;54;bas_marais;NA;0;5;NA;1;carex;NA;NA;molinie;0;0;NA;NA;NA;NA;;NA;NA;NA;NA;NA;19,6;11:16:00;11:21:00;00:05
TGF;NA;13/08/2021;2;2;ME;DM;NA;NA;27;fosse_d_extraction;NA;71_80;7;NA;1;carex;NA;NA;NA;>1;1;NA;6;NA;aeshna_subarctica_elisabethae;;NA;MC_JD;NA;NA;NA;19,6;11:28:00;11:35:00;00:07
TGF;NA;13/08/2021;2;2;ME;DM;NA;NA;27;fosse_d_extraction;NA;71_80;7;NA;1;carex;NA;NA;NA;>1;1;NA;1;NA;leucorrhinia_dubia;;NA;MC_JD;NA;NA;NA;19,6;11:28:00;11:35:00;00:07
TGF;NA;13/08/2021;2;2;ME;DM;NA;NA;24;fosse_d_extraction;NA;31_40;9;NA;1;carex;NA;NA;NA;50;1;NA;6;NA;leucorrhinia_dubia;;NA;MC_JD;NA;NA;NA;19,6;11:51:00;12:00:00;00:09
TGF;NA;13/08/2021;2;2;ME;DM;NA;NA;24;fosse_d_extraction;NA;31_40;9;NA;1;carex;NA;NA;NA;50;1;NA;1;NA;aeshna_juncea;;NA;MC_JD;NA;NA;NA;19,6;11:51:00;12:00:00;00:09
TGF;NA;13/08/2021;2;2;ME;DM;NA;NA;25;fosse_d_extraction;NA;21_30;5;NA;1;carex;NA;NA;NA;10;1;2 adultes morts_calluna_eriophorum;1;NA;aeshna_juncea;;NA;MC_JD;NA;NA;NA;19,6;12:03:00;12:08:00;00:05
TGF;NA;13/08/2021;2;2;ME;DM;NA;NA;25;fosse_d_extraction;NA;21_30;5;NA;1;carex;NA;NA;NA;10;1;2 adultes morts_calluna_eriophorum;5;NA;aeshna_subarctica_elisabethae;;NA;MC_JD;NA;NA;NA;19,6;12:03:00;12:08:00;00:05
TDC;NA;10/08/2021;2;2;ME;BH;NA;NA;73;mare_a_sphaigne_verte;NA;21_30;5;NA;1;carex;NA;NA;molinie;5;0;NA;NA;NA;NA;;NA;NA;NA;NA;NA;15,5;12:29:00;12:34:00;00:05
TDC;NA;10/08/2021;2;2;ME;BH;NA;NA;74;mare_a_sphaigne_verte;NA;31_40;5;NA;1;carex;NA;NA;molinie;5;0;NA;NA;NA;NA;;NA;NA;NA;NA;NA;15,5;12:43:00;12:48:00;00:05
TDC;NA;10/08/2021;2;2;ME;BH;NA;NA;75;mare_a_sphaigne_verte;NA;31_40;5;NA;1;carex;joncs;NA;molinie;5;0;NA;NA;NA;NA;;NA;NA;NA;NA;NA;15,5;12:52:00;12:57:00;00:05
TDC;NA;10/08/2021;2;2;ME;BH;NA;NA;76;mare_a_sphaigne_verte;NA;1_10;5;NA;1;carex;joncs;NA;molinie;2;0;NA;NA;NA;NA;;NA;NA;NA;NA;NA;15,5;13:04:00;13:09:00;00:05
TDC;NA;10/08/2021;2;2;ME;BH;NA;NA;55;groupement_a_sphaignes_rouges;NA;0;5;NA;1;NA;joncs;scheuchzerie;NA;0;0;NA;NA;NA;NA;;NA;NA;NA;NA;NA;15,5;13:47:00;13:52:00;00:05
TDC;NA;10/08/2021;2;2;ME;BH;NA;NA;56;groupement_a_sphaignes_rouges;NA;0;5;NA;1;carex;joncs;scheuchzerie;NA;0;0;NA;NA;NA;NA;;NA;NA;NA;NA;NA;15,5;13:55:00;14:00:00;00:05
TDC;NA;10/08/2021;2;2;ME;BH;NA;NA;52;groupement_a_sphaignes_rouges;NA;0;5;NA;1;carex;joncs;NA;molinie;2;0;NA;NA;NA;NA;;NA;NA;NA;NA;NA;15,5;14:04:00;14:09:00;00:05
TDC;NA;10/08/2021;2;2;ME;BH;NA;NA;54;groupement_a_sphaignes_rouges;NA;0;5;NA;1;carex;joncs;NA;NA;0;0;NA;NA;NA;NA;;NA;NA;NA;NA;NA;15,5;14:17:00;14:22:00;00:05
TDC;NA;10/08/2021;2;2;ME;BH;NA;NA;57;groupement_a_sphaignes_rouges;NA;0;5;NA;1;NA;joncs;NA;molinie;0;0;NA;NA;NA;NA;;NA;NA;NA;NA;NA;15,5;14:24:00;14:29:00;00:05
TDC;NA;10/08/2021;2;2;ME;BH;NA;NA;3;eau_libre;NA;71_80;5;NA;1;NA;joncs;NA;molinie;>1;1;NA;1;NA;NA;;NA;ME_MC;NA;NA;NA;15,5;14:46:00;14:51:00;00:05
TDC;NA;10/08/2021;2;2;ME;BH;NA;NA;0;eau_libre;NA;71_80;5;NA;1;NA;NA;NA;molinie;>1;1;NA;1;NA;NA;;NA;ME_MC;NA;NA;NA;15,5;14:57:00;15:02:00;00:05
TDC;NA;10/08/2021;2;2;ME;BH;NA;NA;8;eau_libre;NA;71_80;5;NA;1;NA;NA;NA;molinie;>1;0;NA;NA;NA;NA;;NA;NA;NA;NA;NA;15,5;15:07:00;15:12:00;00:05
TDC;NA;10/08/2021;2;2;ME;BH;NA;NA;7;eau_libre;NA;71_80;5;NA;1;NA;NA;NA;molinie;>1;1;NA;1;NA;leucorrhinia_dubia;;NA;ME_MC;NA;NA;NA;15,5;15:15:00;15:20:00;00:05
TDC;NA;10/08/2021;2;2;ME;BH;NA;NA;6;eau_libre;NA;71_80;5;NA;1;NA;NA;NA;molinie;>1;0;NA;NA;NA;NA;;NA;NA;NA;NA;NA;15,5;15:25:00;15:30:00;00:05
TDC;NA;10/08/2021;2;2;ME;BH;NA;NA;79;groupement_a_carex_rostrata;NA;1_10;5;NA;1;carex;NA;NA;NA;3;1;NA;1;NA;leucorrhinia_dubia;;NA;NA;NA;NA;NA;15,5;15:36:00;15:41:00;00:05
TDC;NA;10/08/2021;2;2;ME;BH;NA;NA;79;groupement_a_carex_rostrata;NA;1_10;5;NA;1;carex;NA;NA;NA;3;1;NA;3;NA;NA;;NA;ME_MC;NA;NA;NA;15,5;15:36:00;15:41:00;00:05
TDC;NA;10/08/2021;2;2;ME;BH;NA;NA;29;tourbiere_tremblante;NA;0;5;NA;1;NA;joncs;NA;NA;0;0;NA;NA;NA;NA;;NA;NA;NA;NA;NA;15,5;15:45:00;15:50:00;00:05
TDC;NA;10/08/2021;2;2;ME;BH;NA;NA;80;groupement_a_carex_rostrata;NA;0;5;NA;1;carex;joncs;NA;molinie;0;1;NA;1;NA;leucorrhinia_dubia;;NA;ME_MC;NA;NA;NA;15,5;15:52:00;15:57:00;00:05
TDC;NA;10/08/2021;2;2;ME;BH;NA;NA;81;groupement_a_carex_rostrata;NA;0;5;NA;1;carex;NA;NA;molinie;0;1;NA;1;NA;aeshna_subarctica_elisabethae;;NA;ME_MC;NA;NA;NA;15,5;16:02:00;16:07:00;00:05
TDC;NA;10/08/2021;2;2;ME;BH;NA;NA;83;groupement_a_carex_rostrata;NA;1_10;5;NA;1;carex;NA;NA;NA;0;0;NA;NA;NA;NA;;NA;NA;NA;NA;NA;15,5;16:15:00;16:20:00;00:05
TDC;NA;10/08/2021;2;2;ME;BH;NA;NA;86;groupement_a_carex_rostrata;NA;0;5;NA;1;carex;NA;NA;molinie;0;1;NA;2;NA;leucorrhinia_dubia;;NA;ME_MC;NA;NA;NA;15,5;16:24:00;16:29:00;00:05
TDC;NA;10/08/2021;2;2;ME;BH;NA;NA;88;groupement_a_carex_rostrata;NA;41_50;6;NA;1;carex;joncs;NA;molinie;60;0;NA;NA;NA;NA;;NA;NA;NA;NA;NA;15,5;16:42:00;16:48:00;00:06
TDC;NA;10/08/2021;2;2;ME;BH;NA;NA;90;groupement_a_carex_rostrata;NA;41_50;5;NA;1;carex;joncs;NA;NA;10;1;NA;3;NA;leucorrhinia_dubia;;NA;ME_MC;NA;NA;NA;15,5;16:51:00;16:56:00;00:05
TDC;NA;17/08/2021;2;2;ME;HL;NA;NA;120;mare_a_scheuchzerie;NA;0;5;NA;1;carex;NA;NA;molinie;0;0;calluna_vulgaris;NA;NA;NA;;NA;NA;NA;NA;NA;11,3;10:19:00;10:24:00;00:05
TDC;NA;17/08/2021;2;2;ME;HL;NA;NA;97;mare_a_sphaigne_verte;NA;0;5;NA;1;carex;NA;scheuchzerie;molinie;0;0;calluna_vulgaris;NA;NA;NA;;NA;NA;NA;NA;NA;11,3;10:27:00;10:32:00;00:05
TDC;NA;17/08/2021;2;2;ME;HL;NA;NA;68;groupement_a_sphaignes_rouges;NA;0;5;NA;1;carex;NA;scheuchzerie;NA;0;0;calluna_vulgaris;NA;NA;NA;;NA;NA;NA;NA;NA;11,3;10:34:00;10:39:00;00:05
TDC;NA;17/08/2021;2;2;ME;HL;NA;NA;67;groupement_a_sphaignes_rouges;NA;0;5;NA;1;carex;NA;scheuchzerie;molinie;0;0;canneberge;NA;NA;NA;;NA;NA;NA;NA;NA;11,3;10:40:00;10:45:00;00:05
TDC;NA;17/08/2021;2;2;ME;HL;NA;NA;69;groupement_a_sphaignes_rouges;NA;0;5;NA;1;carex;NA;NA;molinie;0;0;drosera;NA;NA;NA;;NA;NA;NA;NA;NA;11,3;10:47:00;10:52:00;00:05
TDC;NA;17/08/2021;2;2;ME;HL;NA;NA;43;tourbiere_tremblante;NA;0;5;NA;1;carex;NA;scheuchzerie;molinie;0;0;calluna_vulgaris;NA;NA;NA;;NA;NA;NA;NA;NA;11,3;10:57:00;11:02:00;00:05
TDC;NA;17/08/2021;2;2;ME;HL;NA;NA;40;tourbiere_tremblante;NA;0;5;NA;1;carex;NA;NA;molinie;0;0;NA;NA;NA;NA;;NA;NA;NA;NA;NA;11,3;11:04:00;11:09:00;00:05
TDC;NA;17/08/2021;2;2;ME;HL;NA;NA;37;tourbiere_tremblante;NA;0;5;NA;1;carex;NA;scheuchzerie;molinie;0;0;calluna_vulgaris;NA;NA;NA;;NA;NA;NA;NA;NA;11,3;11:12:00;11:17:00;00:05
TDC;NA;17/08/2021;2;2;ME;HL;NA;NA;38;tourbiere_tremblante;NA;0;5;NA;1;carex;NA;NA;molinie;0;0;eriophorum_vaginatum;NA;NA;NA;;NA;NA;NA;NA;NA;11,3;11:20:00;11:25:00;00:05
TDC;NA;17/08/2021;2;2;ME;HL;NA;NA;35;tourbiere_tremblante;NA;0;5;NA;1;carex;NA;NA;molinie;0;0;NA;NA;NA;NA;;NA;NA;NA;NA;NA;11,3;11:28:00;11:33:00;00:05
TDC;NA;17/08/2021;2;2;ME;HL;NA;NA;85;groupement_a_carex_rostrata;NA;0;4;NA;1;carex;NA;NA;NA;0;0;drosera;NA;NA;NA;;NA;NA;NA;NA;NA;11,3;11:35:00;11:39:00;00:04
TDC;NA;17/08/2021;2;2;ME;HL;NA;NA;89;groupement_a_carex_rostrata;NA;0;5;NA;1;carex;NA;NA;molinie;0;0;NA;NA;NA;NA;;NA;NA;NA;NA;NA;11,3;11:51:00;11:56:00;00:05
TDC;NA;17/08/2021;2;2;ME;HL;NA;NA;92;groupement_a_carex_rostrata;NA;0;5;NA;1;carex;NA;NA;molinie;0;0;NA;NA;NA;NA;;NA;NA;NA;NA;NA;11,3;11:57:00;12:02:00;00:05
TDC;NA;17/08/2021;2;2;ME;HL;NA;NA;93;groupement_a_carex_rostrata;NA;0;5;NA;1;carex;NA;NA;NA;0;0;NA;NA;NA;NA;;NA;NA;NA;NA;NA;11,3;12:04:00;12:09:00;00:05
TDC;NA;17/08/2021;2;2;ME;HL;NA;NA;14;eau_libre;NA;51_60;5;NA;1;NA;NA;NA;molinie;>1;0;NA;NA;NA;NA;;NA;NA;NA;NA;NA;11,3;12:16:00;12:21:00;00:05
TDC;NA;17/08/2021;2;2;ME;HL;NA;NA;11;eau_libre;NA;41_50;5;NA;1;NA;NA;NA;molinie;>1;1;NA;3;NA;leucorrhinia_dubia;;NA;ME_MC;NA;NA;NA;11,3;12:23:00;12:28:00;00:05
TDC;NA;17/08/2021;2;2;ME;HL;NA;NA;11;eau_libre;NA;41_50;5;NA;1;NA;NA;NA;molinie;>1;1;NA;10;NA;NA;libellulidae;NA;ME_MC;NA;NA;NA;11,3;12:23:00;12:28:00;00:05
TDC;NA;17/08/2021;2;2;ME;HL;NA;NA;11;eau_libre;NA;41_50;5;NA;1;NA;NA;NA;molinie;>1;1;NA;NA;2;chalcolestes_viridis;;NA;ME_MC;NA;NA;NA;11,3;12:23:00;12:28:00;00:05
TDC;NA;17/08/2021;2;2;ME;HL;NA;NA;91;groupement_a_carex_rostrata;NA;0;5;NA;1;NA;NA;NA;molinie;0;0;NA;NA;NA;NA;;NA;NA;NA;NA;NA;11,3;12:23:00;12:28:00;00:05
TDC;NA;17/08/2021;2;2;ME;HL;NA;NA;16;eau_libre;NA;51_60;5;NA;1;carex;NA;NA;molinie;>1;1;carex_rostrata;3;NA;sympetrum_danae;;NA;ME_MC;NA;NA;NA;11,3;12:35:00;12:40:00;00:05
TDC;NA;17/08/2021;2;2;ME;HL;NA;NA;16;eau_libre;NA;51_60;5;NA;1;carex;NA;NA;molinie;>1;1;carex_rostrata;NA;1;chalcolestes_viridis;;NA;ME_MC;NA;NA;NA;11,3;12:35:00;12:40:00;00:05
TDC;NA;17/08/2021;2;2;ME;HL;NA;NA;16;eau_libre;NA;51_60;5;NA;1;carex;NA;NA;molinie;>1;1;carex_rostrata;NA;1;sympecma_fusca;;NA;ME_MC;NA;NA;NA;11,3;12:35:00;12:40:00;00:05
TDC;NA;17/08/2021;2;2;ME;HL;NA;NA;96;groupement_a_carex_rostrata;NA;0;5;NA;1;carex;NA;NA;NA;0;0;NA;NA;NA;NA;;NA;NA;NA;NA;NA;11,3;12:48:00;12:53:00;00:05
TDC;NA;17/08/2021;2;1;ME;NA;NA;NA;31;tourbiere_tremblante;NA;0;10;NA;1;carex;NA;NA;molinie;0;0;calluna_vulgaris_canneberge;NA;NA;NA;;NA;NA;NA;NA;NA;11,3;13:52:00;14:02:00;00:10
TDC;NA;17/08/2021;2;1;ME;NA;NA;NA;116;mare_a_scheuchzerie;NA;0;5;NA;1;carex;NA;scheuchzerie;NA;0;0;calluna_vulgaris_drosera;NA;NA;NA;;NA;NA;NA;NA;NA;11,3;14:02:00;14:07:00;00:05
TDC;NA;17/08/2021;2;1;ME;NA;NA;NA;115;mare_a_scheuchzerie;NA;0;5;NA;1;carex;NA;scheuchzerie;molinie;0;0;calluna_vulgaris_canneberge;NA;NA;NA;;NA;NA;NA;NA;NA;11,3;14:09:00;14:14:00;00:05
TDC;NA;17/08/2021;2;1;ME;NA;NA;NA;98;mare_a_scheuchzerie;NA;0;10;NA;1;carex;NA;scheuchzerie;molinie;0;0;calluna_vulgaris;NA;NA;NA;;NA;NA;NA;NA;NA;11,3;14:45:00;14:55:00;00:10
TDC;NA;17/08/2021;2;1;ME;NA;NA;NA;103;mare_a_scheuchzerie;NA;1_10;10;NA;1;carex;NA;scheuchzerie;NA;0;0;calluna_vulgaris;NA;NA;NA;;NA;NA;NA;NA;NA;11,3;14:56:00;15:06:00;00:10
TDC;NA;17/08/2021;2;1;ME;NA;NA;NA;104;mare_a_scheuchzerie;NA;0;10;NA;1;carex;NA;scheuchzerie;NA;0;0;calluna_vulgaris;NA;NA;NA;;NA;NA;NA;NA;NA;11,3;15:05:00;15:15:00;00:10
TDC;NA;17/08/2021;2;1;ME;NA;NA;NA;108;mare_a_scheuchzerie;NA;0;10;NA;1;carex;NA;scheuchzerie;NA;0;0;calluna_vulgaris;NA;NA;NA;;NA;NA;NA;NA;NA;11,3;15:15:00;15:25:00;00:10
TDC;NA;17/08/2021;2;1;MC;NA;NA;NA;61;groupement_a_sphaignes_rouges;NA;0;10;NA;0;NA;NA;NA;NA;0;0;eriophorum_vaginatum_calluna_vulgaris;NA;NA;NA;;NA;NA;NA;NA;NA;11,3;10:17:00;10:27:00;00:10
TDC;NA;17/08/2021;2;1;MC;NA;NA;NA;60;groupement_a_sphaignes_rouges;NA;0;10;NA;0;NA;NA;NA;NA;0;0;calluna_vulgaris;NA;NA;NA;;NA;NA;NA;NA;NA;11,3;10:27:00;10:37:00;00:10
TDC;NA;17/08/2021;2;1;MC;NA;NA;NA;65;groupement_a_sphaignes_rouges;NA;0;10;NA;1;NA;NA;scheuchzerie;molinie;0;0;eriophorum_vaginatum_calluna_vulgaris;NA;NA;NA;;NA;NA;NA;NA;NA;11,3;10:37:00;10:47:00;00:10
TDC;NA;17/08/2021;2;1;MC;NA;NA;NA;64;groupement_a_sphaignes_rouges;NA;0;10;NA;1;NA;NA;scheuchzerie;molinie;0;0;eriophorum_vaginatum_calluna_vulgaris;NA;NA;NA;;NA;NA;NA;NA;NA;11,3;10:47:00;10:57:00;00:10
TDC;NA;17/08/2021;2;1;MC;NA;NA;NA;39;tourbiere_tremblante;NA;0;10;NA;1;NA;NA;NA;molinie;0;0;sphaigne_verte_eriophorum_vaginatum_calluna_vulgaris;NA;NA;NA;;NA;NA;NA;NA;NA;11,3;10:58:00;11:08:00;00:10
TDC;NA;17/08/2021;2;1;MC;NA;NA;NA;36;tourbiere_tremblante;NA;0;10;NA;1;carex;NA;scheuchzerie;molinie;0;0;sphaigne_verte;NA;NA;NA;;NA;NA;NA;NA;NA;11,3;11:08:00;11:18:00;00:10
TDC;NA;17/08/2021;2;1;MC;NA;NA;NA;34;tourbiere_tremblante;NA;11_20;10;NA;1;NA;NA;NA;molinie;>1;0;poacee_sphaigne_verte;NA;NA;NA;;NA;NA;NA;NA;NA;11,3;11:18:00;11:28:00;00:10
TDC;NA;17/08/2021;2;1;MC;NA;NA;NA;10;eau_libre;NA;21_30;10;NA;1;carex;NA;NA;molinie;>1;0;un agrion adulte / poacee_sphaigne_verte;NA;NA;NA;;NA;NA;NA;NA;NA;11,3;11:28:00;11:38:00;00:10
TDC;NA;17/08/2021;2;1;MC;NA;NA;NA;9;eau_libre;NA;31_40;10;NA;1;carex;NA;NA;molinie;>1;1;un adulte à identifier photo / poacee_sphaigne_verte;2;NA;leucorrhinia_dubia;;NA;ME_MC;NA;NA;NA;11,3;11:38:00;11:48:00;00:10
TDC;NA;17/08/2021;2;1;MC;NA;NA;NA;42;tourbiere_tremblante;NA;0;10;NA;1;carex;NA;NA;molinie;0;0;poacee_sphaigne_verte;NA;NA;NA;;NA;NA;NA;NA;NA;11,3;11:52:00;12:02:00;00:10
TDC;NA;17/08/2021;2;1;MC;NA;NA;NA;46;tourbiere_tremblante;NA;0;10;NA;1;NA;NA;NA;molinie;0;0;NA;NA;NA;NA;;NA;NA;NA;NA;NA;11,3;12:02:00;12:12:00;00:10
TDC;NA;17/08/2021;2;1;MC;NA;NA;NA;94;groupement_a_carex_rostrata;NA;0;10;NA;1;carex;NA;NA;molinie;0;1;sphaigne_verte;4;NA;leucorrhinia_dubia;;NA;ME_MC;NA;NA;NA;11,3;12:12:00;12:22:00;00:10
TDC;NA;17/08/2021;2;1;MC;NA;NA;NA;95;groupement_a_carex_rostrata;NA;1_10;10;NA;1;carex;NA;NA;molinie;2;1;sphaigne_verte;11;NA;NA;degradee;NA;ME_MC;NA;NA;NA;11,3;12:26:00;12:36:00;00:10
TDC;NA;17/08/2021;2;1;MC;NA;NA;NA;95;groupement_a_carex_rostrata;NA;1_10;10;NA;1;carex;NA;NA;molinie;2;1;sphaigne_verte;21;NA;leucorrhinia_dubia;;NA;ME_MC;NA;NA;NA;11,3;12:26:00;12:36:00;00:10
TDC;NA;17/08/2021;2;1;MC;NA;NA;NA;95;groupement_a_carex_rostrata;NA;1_10;10;NA;1;carex;NA;NA;molinie;2;1;sphaigne_verte;NA;1;chalcolestes_viridis;;NA;ME_MC;NA;NA;NA;11,3;12:26:00;12:36:00;00:10
TDC;NA;17/08/2021;2;1;MC;NA;NA;NA;23;eau_libre;NA;21_30;10;NA;1;carex;NA;NA;molinie;>1;1;sphaigne_verte;19;NA;leucorrhinia_dubia;;NA;ME_MC;NA;NA;NA;11,3;12:40:00;12:50:00;00:10
TDC;NA;17/08/2021;2;1;MC;NA;NA;NA;23;eau_libre;NA;21_30;10;NA;1;carex;NA;NA;molinie;>1;1;sphaigne_verte;NA;2;NA;zygoptere;NA;ME_MC;NA;NA;NA;11,3;12:40:00;12:50:00;00:10
TDC;NA;17/08/2021;2;2;MC;HL;NA;NA;33;tourbiere_tremblante;NA;0;5;NA;1;NA;NA;NA;molinie;0;0;eriophorum_vaginatum_calluna_vulgaris;NA;NA;NA;;NA;NA;NA;NA;NA;11,3;13:51:00;13:56:00;00:05
TDC;NA;17/08/2021;2;2;MC;HL;NA;NA;27;tourbiere_tremblante;NA;0;6;NA;1;NA;NA;NA;molinie;0;0;eriophorum_vaginatum_calluna_vulgaris;NA;NA;NA;;NA;NA;NA;NA;NA;11,3;13:58:00;14:04:00;00:06
TDC;NA;17/08/2021;2;2;MC;HL;NA;NA;25;tourbiere_tremblante;NA;0;5;NA;1;NA;NA;scheuchzerie;molinie;0;0;eriophorum_vaginatum_calluna_vulgaris;NA;NA;NA;;NA;NA;NA;NA;NA;11,3;14:05:00;14:10:00;00:05
TDC;NA;17/08/2021;2;2;MC;HL;NA;NA;113;tourbiere_tremblante;NA;0;5;NA;1;NA;NA;scheuchzerie;molinie;0;0;eriophorum_vaginatum_calluna_vulgaris;NA;NA;NA;;NA;NA;NA;NA;NA;11,3;14:10:00;14:15:00;00:05
TDC;NA;17/08/2021;2;2;MC;HL;NA;NA;26;tourbiere_tremblante;NA;0;5;NA;1;NA;NA;NA;molinie;0;0;eriophorum_vaginatum_calluna_vulgaris;NA;NA;NA;;NA;NA;NA;NA;NA;11,3;14:15:00;14:20:00;00:05
TDC;NA;17/08/2021;2;2;MC;HL;NA;NA;99;mare_a_scheuchzerie;NA;0;5;NA;1;NA;NA;scheuchzerie;molinie;0;0;sec_sphaigne_verte;NA;NA;NA;;NA;NA;NA;NA;NA;11,3;14:45:00;14:50:00;00:05
TDC;NA;17/08/2021;2;2;MC;HL;NA;NA;102;mare_a_scheuchzerie;NA;0;5;NA;1;carex;NA;scheuchzerie;molinie;0;0;sphaigne_verte_calluna_vulgaris;NA;NA;NA;;NA;NA;NA;NA;NA;11,3;14:50:00;14:55:00;00:05
TDC;NA;17/08/2021;2;2;MC;HL;NA;NA;101;mare_a_scheuchzerie;NA;0;5;NA;1;carex;NA;scheuchzerie;molinie;0;0;sphaigne_verte_calluna_vulgaris;NA;NA;NA;;NA;NA;NA;NA;NA;11,3;14:55:00;15:00:00;00:05
TDC;NA;17/08/2021;2;2;MC;HL;NA;NA;105;mare_a_scheuchzerie;NA;0;5;NA;1;carex;NA;scheuchzerie;molinie;0;0;sphaigne_verte_calluna_vulgaris;NA;NA;NA;;NA;NA;NA;NA;NA;11,3;15:00:00;15:05:00;00:05
TDC;NA;17/08/2021;2;2;MC;HL;NA;NA;106;mare_a_scheuchzerie;NA;0;5;NA;1;carex;NA;scheuchzerie;molinie;0;0;sphaigne_verte_calluna_vulgaris;NA;NA;NA;;NA;NA;NA;NA;NA;11,3;15:05:00;15:10:00;00:05
TDC;NA;17/08/2021;2;2;MC;HL;NA;NA;109;mare_a_scheuchzerie;NA;1_10;5;NA;1;NA;NA;scheuchzerie;molinie;2;0;sphaigne_verte_calluna_vulgaris_1_adulte_mort;NA;NA;NA;;NA;NA;NA;NA;NA;11,3;15:10:00;15:15:00;00:05
TDC;NA;17/08/2021;2;2;MC;HL;NA;NA;111;mare_a_scheuchzerie;NA;0;5;NA;1;carex;NA;scheuchzerie;NA;0;0;calluna_vulgaris;NA;NA;NA;;NA;NA;NA;NA;NA;11,3;15:15:00;15:20:00;00:05
TDC;NA;17/08/2021;2;2;MC;HL;NA;NA;107;mare_a_scheuchzerie;NA;1_10;5;NA;1;carex;NA;scheuchzerie;NA;>1;0;calluna_vulgaris;NA;NA;NA;;NA;NA;NA;NA;NA;11,3;15:22:00;15:27:00;00:05
