site;secteur;date;passage;nombre_observateurs;observateur_1;observateur_2;observateur_3;observateur_4;observateur_5;placette;habitat_predominant;pourcentage_habitat_predominant;surface_eau_libre;temps_recolte_par_personne_min;temps_total_prospection_min;helophytes;helophytes_1;helophytes_2;helophytes_3;helophytes_4;profondeur_eau_cm;exuvies;remarque;nombre_exuvies_anisopteres;nombre_exuvies_zygopteres;espece;sexe;determinateur;verification_hors_PNR;nenuphar;exuvies_sur_nenuphar
RNM;central;15/06/2021;1;3;AW;AG;AGB;NA;NA;C0;eau_libre;100;91-100;6,66;20;1;scheuchzerie;carex;linaigrette;NA;200;1;NA;0;4;zygoptere;indetermine;AGB_JCD;NA;0;0
RNM;central;15/06/2021;1;3;AW;AG;AGB;NA;NA;C0;eau_libre;100;91-100;6,66;20;1;scheuchzerie;carex;linaigrette;NA;200;1;NA;7;0;cordulia_aenea;indetermine;AGB_JCD;NA;0;0
RNM;central;15/06/2021;1;3;AW;AG;AGB;NA;NA;C0;eau_libre;100;91-100;6,66;20;1;scheuchzerie;carex;linaigrette;NA;200;1;NA;1;0;leucorrhinia_dubia;indetermine;AGB_JCD;NA;0;0
RNM;central;15/06/2021;1;3;AW;AG;AGB;NA;NA;C1;eau_libre;100;91-100;6,66;20;1;scheuchzerie;trefle_d_eau;NA;NA;200;1;NA;0;11;zygoptere;indetermine;AGB_JCD;NA;0;0
RNM;central;15/06/2021;1;3;AW;AG;AGB;NA;NA;C1;eau_libre;100;91-100;6,66;20;1;scheuchzerie;trefle_d_eau;NA;NA;200;1;NA;1;0;leucorrhinia_dubia;indetermine;AGB_JCD;NA;0;0
RNM;central;15/06/2021;1;3;AW;AG;AGB;NA;NA;C1;eau_libre;100;91-100;6,66;20;1;scheuchzerie;trefle_d_eau;NA;NA;200;1;NA;1;0;libellula_quadrimaculata;indetermine;AGB_JCD;NA;0;0
RNM;central;15/06/2021;1;3;AW;AG;AGB;NA;NA;C2;eau_libre;100;91-100;6,66;20;1;scheuchzerie;trefle_d_eau;NA;NA;200;1;NA;0;20;zygoptere;indetermine;AGB_JCD;NA;1;1
RNM;central;15/06/2021;1;3;AW;AG;AGB;NA;NA;C2;eau_libre;100;91-100;6,66;20;1;scheuchzerie;trefle_d_eau;NA;NA;200;1;NA;4;0;cordulia_aenea;indetermine;AGB_JCD;NA;1;1
RNM;central;15/06/2021;1;4;AW;AG;AGB;JCD;NA;C3;eau_libre;100;91-100;5;20;1;scheuchzerie;trefle_d_eau;NA;NA;200;1;NA;0;2;zygoptere;indetermine;AGB_JCD;NA;1;1
RNM;central;15/06/2021;1;4;AW;AG;AGB;JCD;NA;C3;eau_libre;100;91-100;5;20;1;scheuchzerie;trefle_d_eau;NA;NA;200;1;NA;4;0;cordulia_aenea;indetermine;AGB_JCD;NA;1;1
RNM;central;15/06/2021;1;4;AW;AG;AGB;JCD;NA;C3;eau_libre;100;91-100;5;20;1;scheuchzerie;trefle_d_eau;NA;NA;200;1;NA;10;0;leucorrhinia_dubia;indetermine;AGB_JCD;Romain_Decoin_Catherine_Genin_RNN_Remoray;1;1
RNM;central;15/06/2021;1;4;AW;AG;AGB;JCD;NA;C4;eau_libre;100;91-100;5;20;1;trefle_d_eau;NA;NA;NA;200;1;NA;0;10;zygoptere;indetermine;AGB_JCD;NA;1;1
RNM;central;15/06/2021;1;4;AW;AG;AGB;JCD;NA;C4;eau_libre;100;91-100;5;20;1;trefle_d_eau;NA;NA;NA;200;1;NA;1;0;cordulia_aenea;indetermine;AGB_JCD;NA;1;1
RNM;central;15/06/2021;1;4;AW;AG;AGB;JCD;NA;C5;eau_libre;100;81-90;5;20;1;scheuchzerie;trefle_d_eau;NA;NA;200;1;NA;0;3;zygoptere;indetermine;AGB_JCD;NA;0;0
RNM;central;15/06/2021;1;4;AW;AG;AGB;JCD;NA;C5;eau_libre;100;81-90;5;20;1;scheuchzerie;trefle_d_eau;NA;NA;200;1;NA;1;0;cordulia_aenea;indetermine;AGB_JCD;NA;0;0
RNM;central;15/06/2021;1;4;AW;AG;AGB;JCD;NA;C5;eau_libre;100;81-90;5;20;1;scheuchzerie;trefle_d_eau;NA;NA;200;1;NA;4;0;leucorrhinia_dubia;indetermine;AGB_JCD;NA;0;0
RNM;central;15/06/2021;1;4;AW;AG;AGB;JCD;NA;C5;eau_libre;100;81-90;5;20;1;scheuchzerie;trefle_d_eau;NA;NA;200;1;NA;2;0;libellulaellulidae_indetermine;indetermine;AGB_JCD;NA;0;0
RNM;central;15/06/2021;1;3;AW;AG;AGB;NA;NA;C6;eau_libre;100;91-100;6,66;20;1;scheuchzerie;trefle_d_eau;andromede;NA;200;1;NA;0;4;zygoptere;indetermine;AGB_JCD;NA;1;1
RNM;central;15/06/2021;1;3;AW;AG;AGB;NA;NA;C6;eau_libre;100;91-100;6,66;20;1;scheuchzerie;trefle_d_eau;andromede;NA;200;1;NA;5;0;cordulia_aenea;indetermine;AGB_JCD;NA;1;1
RNM;central;15/06/2021;1;3;AW;AG;AGB;NA;NA;C7;eau_libre;100;91-100;6,66;20;1;andromede;NA;NA;NA;200;1;NA;0;5;zygoptere;indetermine;AGB_JCD;NA;1;1
RNM;central;15/06/2021;1;3;AW;AG;AGB;NA;NA;C7;eau_libre;100;91-100;6,66;20;1;andromede;NA;NA;NA;200;1;NA;4;0;cordulia_aenea;indetermine;AGB_JCD;NA;1;1
RNM;central;15/06/2021;1;3;AW;AG;AGB;NA;NA;C7;eau_libre;100;91-100;6,66;20;1;andromede;NA;NA;NA;200;1;NA;1;0;libellula_quadrimaculata;indetermine;AGB_JCD;NA;1;1
RNM;central;15/06/2021;1;3;AW;AG;AGB;NA;NA;C7;eau_libre;100;91-100;6,66;20;1;andromede;NA;NA;NA;200;1;NA;1;0;leucorrhinia_dubia;indetermine;AGB_JCD;NA;1;1
RNM;central;15/06/2021;1;3;AW;AG;AGB;NA;NA;C7;eau_libre;100;91-100;6,66;20;1;andromede;NA;NA;NA;200;1;NA;1;0;leucorrhinia_dubia;indetermine;AGB_JCD;Romain_Decoin_Catherine_Genin_RNN_Remoray;1;1
RNM;central;16/06/2021;1;2;FDI;AGB;NA;NA;NA;C8;eau_libre;100;61-70;10;20;1;preles;trefle_d_eau;sphaignes;NA;75;1;NA;0;44;zygoptere;indetermine;AGB_JCD;NA;0;0
RNM;central;16/06/2021;1;2;FDI;AGB;NA;NA;NA;C8;eau_libre;100;61-70;10;20;1;preles;trefle_d_eau;sphaignes;NA;75;1;NA;1;0;aeshna_cyanea;male;AGB_JCD;NA;0;0
RNM;central;16/06/2021;1;2;JCD;AW;NA;NA;NA;C9;eau_libre;50;41-50;8;16;1;joncs;NA;NA;NA;100;1;NA;0;26;zygoptere;indetermine;AGB_JCD;NA;0;0
RNM;central;16/06/2021;1;2;MG;AG;NA;NA;NA;C10;tourbiere_erodee;70;0;10;20;1;scheuchzerie;trefle_d_eau;NA;NA;NA;0;NA;0;0;NA;indetermine;NA;NA;0;0
RNM;central;16/06/2021;1;2;FDI;AGB;NA;NA;NA;C11;tourbiere_erodee;75;0;10;20;0;NA;NA;NA;NA;NA;0;NA;0;0;NA;indetermine;NA;NA;0;0
RNM;central;16/06/2021;1;2;MG;AG;NA;NA;NA;C12;tourbiere_erodee;75;0;10;20;1;scheuchzerie;lycopode;droserass;NA;NA;1;NA;1;0;leucorrhinia_dubia;indetermine;AGB_JCD;NA;0;0
RNM;central;16/06/2021;1;2;JCD;AW;NA;NA;NA;C13;tourbiere_erodee;50;0;10;20;1;scheuchzerie;NA;NA;NA;NA;1;NA;1;0;somatochlora_arctica;indetermine;AGB_JCD;Romain_Decoin_Catherine_Genin_RNN_Remoray;0;0
RNM;central;16/06/2021;1;2;FDI;AGB;NA;NA;NA;C14;tourbiere_erodee;100;01-oct;10;20;1;carex;NA;NA;NA;2;0;NA;0;0;NA;indetermine;NA;NA;0;0
RNM;central;18/06/2021;1;1;AG;NA;NA;NA;NA;C15;tourbiere_erodee;80;nov-20;17;17;1;carex;molinie;NA;NA;25;0;20%_eau_libre;0;0;NA;indetermine;NA;NA;0;0
RNM;central;16/06/2021;1;2;MG;AG;NA;NA;NA;C16;tourbiere_erodee;87;0;10;20;0;NA;NA;NA;NA;NA;0;NA;0;0;NA;indetermine;NA;NA;0;0
RNM;central;16/06/2021;1;2;JCD;AW;NA;NA;NA;C17;tourbiere_erodee;80;01-oct;10;20;0;NA;NA;NA;NA;5;0;NA;0;0;NA;indetermine;NA;NA;0;0
RNM;central;16/06/2021;1;2;MG;AG;NA;NA;NA;C18;tourbiere_erodee;100;0;10;20;1;scheuchzerie;NA;NA;NA;NA;0;NA;0;0;NA;indetermine;NA;NA;0;0
RNM;central;16/06/2021;1;2;MG;AG;NA;NA;NA;C19;tourbiere_erodee;80;0;10;20;1;scheuchzerie;molinie;NA;NA;NA;0;NA;0;0;NA;indetermine;NA;NA;0;0
RNM;central;16/06/2021;1;2;FDI;AGB;NA;NA;NA;C20;tourbiere_haute;100;0;10;20;0;NA;NA;NA;NA;NA;0;NA;0;0;NA;indetermine;NA;NA;0;0
RNM;central;16/06/2021;1;2;FDI;AGB;NA;NA;NA;C21;tourbiere_haute;100;0;10;20;0;NA;NA;NA;NA;NA;0;NA;0;0;NA;indetermine;NA;NA;0;0
RNM;central;16/06/2021;1;2;FDI;AGB;NA;NA;NA;C22;tourbiere_haute;100;0;10;20;0;NA;NA;NA;NA;NA;0;NA;0;0;NA;indetermine;NA;NA;0;0
RNM;central;16/06/2021;1;2;MG;AG;NA;NA;NA;C23;tourbiere_haute;100;0;10;20;1;canneberge;molinie;linaigrette;NA;NA;0;Canneberge en fleur;0;0;NA;indetermine;NA;NA;0;0
RNM;central;16/06/2021;1;2;JCD;AW;NA;NA;NA;C24;tourbiere_haute;90;0;7,5;15;0;NA;NA;NA;NA;NA;0;Carex, Callune;0;0;NA;indetermine;NA;NA;0;0
RNM;central;16/06/2021;1;2;MG;AG;NA;NA;NA;C25;tourbiere_haute;100;0;10;20;1;molinie;NA;NA;NA;NA;0;NA;0;0;NA;indetermine;NA;NA;0;0
RNM;central;16/06/2021;1;2;FDI;AGB;NA;NA;NA;C26;tourbiere_haute;100;0;10;20;0;NA;NA;NA;NA;NA;0;NA;0;0;NA;indetermine;NA;NA;0;0
RNM;central;16/06/2021;1;2;FDI;AGB;NA;NA;NA;C27;tourbiere_haute;100;0;10;20;0;NA;NA;NA;NA;NA;1;NA;1;2;NA;indetermine;NA;NA;0;0
RNM;central;16/06/2021;1;2;JCD;AW;NA;NA;NA;C28;tourbiere_haute;90;0;10;20;0;NA;NA;NA;NA;NA;0;Mytrilles des marais;0;0;NA;indetermine;NA;NA;0;0
RNM;central;16/06/2021;1;2;JCD;AW;NA;NA;NA;C29;tourbiere_haute;100;0;7,5;15;0;NA;NA;NA;NA;NA;0;NA;0;0;NA;indetermine;NA;NA;0;0
RNM;central;16/06/2021;1;2;JCD;AW;NA;NA;NA;C30;tremblant;50;01-oct;10;20;1;scheuchzerie;NA;NA;NA;0;1;NA;2;0;somatochlora_arctica;indetermine;AGB_JCD;NA;0;0
RNM;central;16/06/2021;1;2;JCD;AW;NA;NA;NA;C31;tremblant;50;0;10;20;1;scheuchzerie;carex;NA;NA;NA;1;NA;1;0;somatochlora_arctica;indetermine;AGB_JCD;NA;0;0
RNM;central;16/06/2021;1;2;FDI;AGB;NA;NA;NA;C32;tremblant;100;61-70;10;20;1;scheuchzerie;sphaignes;NA;NA;16;1;60% eau libre;1;1;NA;indetermine;NA;NA;0;0
RNM;central;16/06/2021;1;2;JCD;AW;NA;NA;NA;C33;tremblant;50;01-oct;10;20;1;scheuchzerie;NA;NA;NA;10;1;NA;2;0;leucorrhinia_dubia;indetermine;AGB_JCD;NA;0;0
RNM;central;16/06/2021;1;2;JCD;AW;NA;NA;NA;C33;tremblant;50;01-oct;10;20;1;scheuchzerie;NA;NA;NA;10;1;NA;2;0;aeshna_juncea;indetermine;AGB_JCD;Romain_Decoin_Catherine_Genin_RNN_Remoray;0;0
RNM;central;16/06/2021;1;2;JCD;AW;NA;NA;NA;C34;tremblant;50;01-oct;10;20;1;scheuchzerie;carex;NA;NA;10;1;NA;1;0;somatochlora_arctica;indetermine;AGB_JCD;NA;0;0
RNM;central;16/06/2021;1;2;MG;AG;NA;NA;NA;C35;tremblant;100;31-40;10;20;1;scheuchzerie;andromede;NA;NA;15;1;NA;1;0;aeschnide;femelle;AGB_JCD;NA;0;0
RNM;central;16/06/2021;1;2;MG;AG;NA;NA;NA;C35;tremblant;100;31-40;10;20;1;scheuchzerie;andromede;NA;NA;15;1;NA;1;0;cordulia_aenea;indetermine;AGB_JCD;NA;0;0
RNM;central;16/06/2021;1;2;MG;AG;NA;NA;NA;C35;tremblant;100;31-40;10;20;1;scheuchzerie;andromede;NA;NA;15;1;NA;2;0;libellula_quadrimaculata;indetermine;AGB_JCD;NA;0;0
RNM;central;16/06/2021;1;2;MG;AG;NA;NA;NA;C35;tremblant;100;31-40;10;20;1;scheuchzerie;andromede;NA;NA;15;1;NA;2;0;leucorrhinia_dubia;indetermine;AGB_JCD;NA;0;0
RNM;central;16/06/2021;1;2;JCD;AW;NA;NA;NA;C36;tremblant;65;01-oct;10;20;1;scheuchzerie;NA;NA;NA;100;1;NA;4;0;zygoptere;indetermine;AGB_JCD;NA;1;1
RNM;central;16/06/2021;1;2;JCD;AW;NA;NA;NA;C36;tremblant;65;01-oct;10;20;1;scheuchzerie;NA;NA;NA;100;1;NA;4;0;cordulia_aenea;indetermine;AGB_JCD;NA;1;1
RNM;central;16/06/2021;1;2;JCD;AW;NA;NA;NA;C36;tremblant;65;01-oct;10;20;1;scheuchzerie;NA;NA;NA;100;1;NA;1;0;libellula_quadrimaculata;indetermine;AGB_JCD;NA;1;1
RNM;central;16/06/2021;1;2;MG;AG;NA;NA;NA;C37;tremblant;100;0;10;20;1;scheuchzerie;NA;NA;NA;NA;1;NA;1;0;libellula_quadrimaculata;indetermine;AGB_JCD;NA;0;0
RNM;central;16/06/2021;1;2;MG;AG;NA;NA;NA;C38;tremblant;100;0;10;20;1;scheuchzerie;andromede;NA;NA;NA;0;NA;0;0;NA;indetermine;NA;NA;0;0
RNM;central;16/06/2021;1;2;FD;AGB;NA;NA;NA;C39;tremblant;80;01-oct;10;20;1;scheuchzerie;sphaignes;NA;NA;4,5;1;NA;0;1;zygoptere;indetermine;AGB_JCD;NA;0;0
RNM;central;16/06/2021;1;2;FD;AGB;NA;NA;NA;C39;tremblant;80;01-oct;10;20;1;scheuchzerie;sphaignes;NA;NA;4,5;1;NA;1;0;somatochlora_arctica;indetermine;AGB_JCD;NA;0;0
RNM;central;16/06/2021;1;2;JCD;AW;NA;NA;NA;C40;vegetation_non_tourbeuse;100;0;10;20;0;NA;NA;NA;NA;NA;0;NA;0;0;NA;indetermine;NA;NA;0;0
RNM;central;16/06/2021;1;2;FDI;AGB;NA;NA;NA;C41;vegetation_non_tourbeuse;100;0;10;20;0;NA;NA;NA;NA;NA;0;NA;0;0;NA;indetermine;NA;NA;0;0
RNM;central;16/06/2021;1;2;MG;AG;NA;NA;NA;C42;vegetation_non_tourbeuse;100;0;10;20;1;molinie;NA;NA;NA;NA;0;NA;0;0;NA;indetermine;NA;NA;0;0
RNM;central;16/06/2021;1;2;JCD;AW;NA;NA;NA;C43;vegetation_non_tourbeuse;100;0;10;20;0;NA;NA;NA;NA;NA;0;NA;0;0;NA;indetermine;NA;NA;0;0
RNM;central;18/06/2021;1;1;AG;NA;NA;NA;NA;C44;vegetation_non_tourbeuse;100;0;12,5;12,5;0;NA;NA;NA;NA;NA;0;NA;0;0;NA;indetermine;NA;NA;0;0
RNM;central;16/06/2021;1;2;FD;AGB;NA;NA;NA;C45;vegetation_non_tourbeuse;100;0;10;20;0;NA;NA;NA;NA;NA;0;NA;0;0;NA;indetermine;NA;NA;0;0
RNM;central;16/06/2021;1;1;FDi;NA;NA;NA;NA;C46;vegetation_non_tourbeuse;100;51-30;15;15;1;preles;carex;NA;NA;13;0;NA;0;0;NA;indetermine;NA;NA;0;0
RNM;central;16/06/2021;1;2;MG;AG;NA;NA;NA;C47;vegetation_non_tourbeuse;100;01-oct;10;20;0;NA;NA;NA;NA;4;0;Eau seulement entre les touradons où on a posé les pieds;0;0;NA;indetermine;NA;NA;0;0
RNM;central;16/06/2021;1;2;MG;AG;NA;NA;NA;C48;vegetation_non_tourbeuse;95;0;10;20;1;molinie;NA;NA;NA;NA;0;NA;0;0;NA;indetermine;NA;NA;0;0
RNM;central;16/06/2021;1;2;JCD;AW;NA;NA;NA;C49;vegetation_non_tourbeuse;100;0;7,5;15;0;NA;NA;NA;NA;NA;0;NA;0;0;NA;indetermine;NA;NA;0;0
RNM;peripherique;17/06/2021;1;3;AW;AG;KJ;NA;NA;P0;eau_libre;90;100;6,5;19,5;1;molinie;carex;comaret;NA;3;0;NA;0;0;NA;indetermine;NA;NA;0;0
RNM;peripherique;17/06/2021;1;3;AW;AG;KJ;NA;NA;P1;tourbiere_erodee;90;81-90;5;15;1;carex;NA;NA;NA;10;0;90%_eau_libre;0;0;NA;indetermine;NA;NA;0;0
RNM;peripherique;17/06/2021;1;3;AW;AG;KJ;NA;NA;P2;eau_libre;90;81-90;6,5;19,5;1;linaigrette;carex;NA;NA;15;0;3 Tritons,90%_eau_libre;0;0;NA;indetermine;NA;NA;0;0
RNM;peripherique;17/06/2021;1;3;AW;AG;KJ;NA;NA;P3;eau_libre;80;71-80;5,5;16,5;1;molinie;carex;NA;NA;30;0;80%_eau_libre;0;0;NA;indetermine;NA;NA;0;0
RNM;peripherique;17/06/2021;1;1;AW;NA;NA;NA;NA;P4;eau_libre;25;81-90;10;10;1;scheuchzerie;NA;NA;NA;5;0;Ponte femelle libellula depressa;0;0;NA;indetermine;NA;NA;0;0
RNM;peripherique;17/06/2021;1;1;AG;NA;NA;NA;NA;P5;eau_libre;25;61-70;10;10;1;NA;NA;NA;NA;0;0;70%_eau_libre, Litiere feuilles mortes;0;0;NA;indetermine;NA;NA;0;0
RNM;peripherique;17/06/2021;1;1;JCD;NA;NA;NA;NA;P6;eau_libre;25;01-oct;10;10;0;NA;NA;NA;NA;6;0;Mare temporaire entretenue par le gibier;0;0;NA;indetermine;NA;NA;0;0
RNM;peripherique;17/06/2021;1;2;AGB;CJ;NA;NA;NA;P7;eau_libre;100;0;10;20;1;molinie;NA;NA;NA;NA;0;A sec;0;0;NA;indetermine;NA;NA;0;0
RNM;peripherique;17/06/2021;1;2;CI;AGB;NA;NA;NA;P8;eau_libre;100;01-oct;10;20;1;linaigrette;carex;NA;NA;0;0;NA;0;0;NA;indetermine;NA;NA;0;0
RNM;peripherique;17/06/2021;1;3;AW;AG;KJ;NA;NA;P9;eau_libre;95;91-100;6,33;20;1;molinie;NA;NA;NA;15;0;NA;0;0;NA;indetermine;NA;NA;0;0
RNM;peripherique;17/06/2021;1;3;AW;AG;KJ;NA;NA;P10;tourbiere_erodee;70;0;5;15;0;NA;NA;NA;NA;NA;0;NA;0;0;NA;indetermine;NA;NA;0;0
RNM;peripherique;17/06/2021;1;3;AW;AG;KJ;NA;NA;P11;tourbiere_erodee;NA;0;5;15;0;NA;NA;NA;NA;NA;0;Pédonculaire des bois;0;0;NA;indetermine;NA;NA;0;0
RNM;peripherique;17/06/2021;1;3;AW;AG;KJ;NA;NA;P12;tourbiere_erodee;65;0;4,5;13,5;1;carex;molinie;NA;NA;NA;0;NA;0;0;NA;indetermine;NA;NA;0;0
RNM;peripherique;17/06/2021;1;4;AW;AG;AGB;JCD;NA;P13;tourbiere_erodee;100;0;5;20;0;NA;NA;NA;NA;NA;0;NA;0;0;NA;indetermine;NA;NA;0;0
RNM;peripherique;17/06/2021;1;4;AW;AG;AGB;JCD;NA;P14;tourbiere_erodee;100;0;5;20;1;carex;NA;NA;NA;NA;0;NA;0;0;NA;indetermine;NA;NA;0;0
RNM;peripherique;17/06/2021;1;4;AW;AG;AGB;JCD;NA;P15;tourbiere_erodee;100;0;5;20;0;NA;NA;NA;NA;NA;0;Carex, Molinie;0;0;NA;indetermine;NA;NA;0;0
RNM;peripherique;17/06/2021;1;2;AGB;JCD;NA;NA;NA;P16;tourbiere_erodee;100;01-oct;10;20;1;sphaignes;NA;NA;NA;5;0;NA;0;0;NA;indetermine;NA;NA;0;0
RNM;peripherique;17/06/2021;1;2;AG;AW;NA;NA;NA;P17;tourbiere_erodee;100;0;9;18;0;NA;NA;NA;NA;NA;0;NA;0;0;NA;indetermine;NA;NA;0;0
RNM;peripherique;17/06/2021;1;4;AW;AG;AGB;JCD;NA;P18;tourbiere_erodee;90;0;5;20;0;NA;NA;NA;NA;NA;0;Carex Nigra, Sphaignes, Zone sèche à cause du chemin;0;0;NA;indetermine;NA;NA;0;0
RNM;peripherique;17/06/2021;1;3;AW;AG;KJ;NA;NA;P19;tourbiere_erodee;100;0;5,5;16,5;1;linaigrette;molinie;NA;NA;NA;0;NA;0;0;NA;indetermine;NA;NA;0;0
RNM;peripherique;17/06/2021;1;3;AW;AG;KJ;NA;NA;P20;tourbiere_haute;100;0;5;15;0;NA;NA;NA;NA;NA;0;NA;0;0;NA;indetermine;NA;NA;0;0
RNM;peripherique;17/06/2021;1;3;AW;AG;KJ;NA;NA;P21;tourbiere_haute;100;0;5;15;0;NA;NA;NA;NA;NA;0;NA;0;0;NA;indetermine;NA;NA;0;0
RNM;peripherique;17/06/2021;1;2;AG;AW;NA;NA;NA;P22;tourbiere_haute;100;0;10;20;1;molinie;myrtille;NA;NA;NA;0;NA;0;0;NA;indetermine;NA;NA;0;0
RNM;peripherique;17/06/2021;1;2;AG;AW;NA;NA;NA;P23;tourbiere_haute;100;0;8;16;1;linaigrette;molinie;myrtille;NA;NA;0;NA;0;0;NA;indetermine;NA;NA;0;0
RNM;peripherique;17/06/2021;1;2;AG;AW;NA;NA;NA;P24;tourbiere_haute;100;0;8;16;1;canneberge;molinie;myrtille;NA;NA;0;NA;0;0;NA;indetermine;NA;NA;0;0
RNM;peripherique;17/06/2021;1;3;CJ;AGB;CI;NA;NA;P25;tourbiere_haute;100;0;5;15;0;NA;NA;NA;NA;NA;0;NA;0;0;NA;indetermine;NA;NA;0;0
RNM;peripherique;17/06/2021;1;3;CJ;AGB;CI;NA;NA;P26;tourbiere_haute;100;0;5;15;0;NA;NA;NA;NA;NA;0;NA;0;0;NA;indetermine;NA;NA;0;0
RNM;peripherique;17/06/2021;1;3;CJ;AGB;CI;NA;NA;P27;tourbiere_haute;100;0;5;15;0;NA;NA;NA;NA;NA;0;NA;0;0;NA;indetermine;NA;NA;0;0
RNM;peripherique;17/06/2021;1;3;CJ;AGB;CI;NA;NA;P28;tourbiere_haute;100;0;5;15;0;NA;NA;NA;NA;NA;0;NA;0;0;NA;indetermine;NA;NA;0;0
RNM;peripherique;17/06/2021;1;3;CJ;AGB;CI;NA;NA;P29;tourbiere_haute;100;0;5;15;0;NA;NA;NA;NA;NA;0;NA;0;0;NA;indetermine;NA;NA;0;0
RNM;peripherique;17/06/2021;1;3;AW;AG;KJ;NA;NA;P30;tremblant;60;01-oct;6,5;19,5;1;molinie;carex;NA;NA;10;0;10%_eau_libre;0;0;NA;indetermine;NA;NA;0;0
RNM;peripherique;15/06/2021;1;3;AW;AG;AGB;NA;NA;P31;tremblant;100;01-oct;6,5;19,5;1;fougere;molinie;NA;NA;0,5;0;NA;0;0;NA;indetermine;NA;NA;0;0
RNM;peripherique;17/06/2021;1;2;AGB;JCD;NA;NA;NA;P32;tremblant;90;0;10;20;0;NA;NA;NA;NA;0;0;cours d'eau 5 cm;0;0;NA;indetermine;NA;NA;0;0
RNM;peripherique;17/06/2021;1;2;AGB;JCD;NA;NA;NA;P33;tremblant;100;0;10;20;0;NA;NA;NA;NA;NA;0;NA;0;0;NA;indetermine;NA;NA;0;0
RNM;peripherique;17/06/2021;1;4;AW;AG;AGB;JCD;NA;P34;tremblant;100;01-oct;5;20;1;violette_des_marais;carex;NA;NA;5;0;NA;0;0;NA;indetermine;NA;NA;0;0
RNM;peripherique;17/06/2021;1;1;AGB;NA;NA;NA;NA;P35;tremblant;70;0;15;15;0;NA;NA;NA;NA;NA;0;NA;0;0;NA;indetermine;NA;NA;0;0
RNM;peripherique;17/06/2021;1;1;AG;NA;NA;NA;NA;P36;tremblant;50;21-30;10;10;1;molinie;NA;NA;NA;2;0;NA;0;0;NA;indetermine;NA;NA;0;0
RNM;peripherique;17/06/2021;1;2;AGB;JCD;NA;NA;NA;P37;tourbiere_erodee;95;nov-20;10;20;1;luzule;NA;NA;NA;6;0;NA;0;0;NA;indetermine;NA;NA;0;0
RNM;peripherique;17/06/2021;1;2;AG;AW;NA;NA;NA;P38;tremblant;NA;0;10;20;1;molinie;NA;NA;NA;NA;0;NA;0;0;NA;indetermine;NA;NA;0;0
RNM;peripherique;17/06/2021;1;3;CJ;AGB;CI;NA;NA;P39;vegetation_non_tourbeuse;100;51-60;6,66;20;0;NA;NA;NA;NA;5;0;NA;0;0;NA;indetermine;NA;NA;0;0
RNM;peripherique;17/06/2021;1;3;AW;AG;KJ;NA;NA;P40;vegetation_non_tourbeuse;100;01-oct;5,5;16,5;0;carex;molinie;NA;NA;7;0;Petit trou d'eau de 8cm de diamètre;0;0;NA;indetermine;NA;NA;0;0
RNM;peripherique;15/06/2021;1;3;AW;AG;AGB;NA;NA;P41;vegetation_non_tourbeuse;100;0;6,5;19,5;1;molinie;NA;NA;NA;NA;0;NA;0;0;NA;indetermine;NA;NA;0;0
RNM;peripherique;17/06/2021;1;2;AG;AW;NA;NA;NA;P42;vegetation_non_tourbeuse;100;0;7;14;1;molinie;myrtille;NA;NA;NA;0;NA;0;0;NA;indetermine;NA;NA;0;0
RNM;peripherique;17/06/2021;1;2;AG;AW;NA;NA;NA;P43;vegetation_non_tourbeuse;100;0;8;16;1;molinie;NA;NA;NA;NA;0;NA;0;0;NA;indetermine;NA;NA;0;0
RNM;peripherique;17/06/2021;1;3;CJ;AGB;CI;NA;NA;P44;vegetation_non_tourbeuse;100;0;6,66;20;0;NA;NA;NA;NA;NA;0;NA;0;0;NA;indetermine;NA;NA;0;0
RNM;peripherique;17/06/2021;1;3;CJ;AGB;CI;NA;NA;P45;vegetation_non_tourbeuse;100;0;5,5;16,5;0;NA;NA;NA;NA;NA;0;NA;0;0;NA;indetermine;NA;NA;0;0
RNM;peripherique;17/06/2021;1;3;CJ;AGB;CI;NA;NA;P46;vegetation_non_tourbeuse;100;0;5;15;0;NA;NA;NA;NA;NA;0;NA;0;0;NA;indetermine;NA;NA;0;0
RNM;peripherique;17/06/2021;1;3;CJ;AGB;CI;NA;NA;P47;vegetation_non_tourbeuse;100;0;5,5;16,5;0;NA;NA;NA;NA;NA;0;NA;0;0;NA;indetermine;NA;NA;0;0
RNM;peripherique;17/06/2021;1;3;CJ;AGB;CI;NA;NA;P48;vegetation_non_tourbeuse;100;0;5;15;0;NA;NA;NA;NA;NA;0;NA;0;0;NA;indetermine;NA;NA;0;0
RNM;peripherique;17/06/2021;1;3;CJ;AGB;CI;NA;NA;P49;vegetation_non_tourbeuse;100;0;5;15;0;NA;NA;NA;NA;NA;0;NA;0;0;NA;indetermine;NA;NA;0;0
RNM;central;29/07/2021;2;3;AGB;CJ;FB;NA;NA;C0;eau_libre;100;100;6,66;20;1;scheuchzerie;carex;linaigrette;NA;200;1;NA;2;NA;cordulia_aenea;indetermine;AGB_JCD;NA;0;NA
RNM;central;29/07/2021;2;3;AGB;CJ;FB;NA;NA;C0;eau_libre;100;100;6,66;20;1;scheuchzerie;carex;linaigrette;NA;200;1;NA;1;NA;aeshna_subarctica;femelle;AGB_JCD;NA;0;NA
RNM;central;29/07/2021;2;3;AGB;CJ;FB;NA;NA;C0;eau_libre;100;100;6,66;20;1;scheuchzerie;carex;linaigrette;NA;200;1;NA;1;NA;aeshna_juncea;male;AGB_JCD;NA;0;NA
RNM;central;29/07/2021;2;2;AGB;LS;NA;NA;NA;C1;eau_libre;100;100;10;20;1;scheuchzerie;carex;joncs;trefle_d_eau;200;1;L'exuvie était trop loin dans le lac pour pouvoir la récupérer ;1;NA;aeschnide;indetermine;AGB_JCD;NA;0;NA
RNM;central;29/07/2021;2;2;AGB;LS;NA;NA;NA;C1;eau_libre;100;100;10;20;1;scheuchzerie;carex;joncs;trefle_d_eau;200;1;NA;1;NA;aeshna_cyanea;male;AGB_JCD;NA;0;NA
RNM;central;29/07/2021;2;3;AGB;CJ;FB;NA;NA;C2;eau_libre;100;100;6,4;19,2;1;scheuchzerie;trefle_d_eau;NA;NA;200;1;NA;1;NA;aeshna_juncea;male;AGB_JCD;NA;0;NA
RNM;central;29/07/2021;2;3;JCD;AG;AW;NA;NA;C3;eau_libre;100;100;6,4;19,2;1;lycopode;NA;NA;NA;200;0;NA;0;NA;NA;indetermine;NA;NA;0;NA
RNM;central;29/07/2021;2;3;JCD;AG;AW;NA;NA;C4;eau_libre;100;100;6,4;19,2;1;trefle_d_eau;comaret;scheuchzerie;NA;200;0;NA;0;NA;NA;indetermine;NA;NA;0;NA
RNM;central;29/07/2021;2;3;JCD;AG;AW;NA;NA;C5;eau_libre;100;100;6,4;19,2;1;scheuchzerie;lycopode;trefle_d_eau;NA;200;1;NA;1;NA;aeshna_juncea;femelle;AGB_JCD;NA;0;NA
RNM;central;29/07/2021;2;2;JCD;AG;NA;NA;NA;C6;eau_libre;100;100;10;20;1;scheuchzerie;trefle_d_eau;andromede;NA;200;0;trefle d eau en fleur;0;NA;NA;indetermine;NA;NA;0;NA
RNM;central;29/07/2021;2;2;JCD;AG;NA;NA;NA;C7;eau_libre;100;100;10;20;1;andromede;trefle_d_eau;lycopodes;NA;200;0;NA;0;NA;NA;indetermine;NA;NA;0;NA
RNM;central;29/07/2021;2;3;JCD;AG;AW;NA;NA;C8;eau_libre;50;41-50;5;15;1;preles;trefle_d_eau;sphaignes;NA;75;1;NA;1;NA;aeshna_cyanea;femelle;AGB_JCD;NA;0;NA
RNM;central;29/07/2021;2;3;JCD;AG;AW;NA;NA;C8;eau_libre;50;41-51;5;15;1;preles;trefle_d_eau;sphaignes;NA;75;1;NA;1;NA;aeshna_cyanea;male;AGB_JCD;NA;0;NA
RNM;central;29/07/2021;2;3;AGB;CJ;FB;NA;NA;C9;eau_libre;60;91-100;5,5;16,5;1;trefle_d_eau;carex;NA;NA;50;0;NA;0;NA;NA;indetermine;NA;NA;0;NA
RNM;central;29/07/2021;2;3;AGB;CJ;FB;NA;NA;C10;tourbiere_erodee;100;01-oct;5,5;16,5;1;trefle_d_eau;carex;NA;NA;0;1;1 Sympetrum danae adulte et 2 Libellula quadrimaculata, 10% eau libre;1;NA;sympetrum_danae;indetermine;AGB_JCD;En_cours_Remoray;0;NA
RNM;central;29/07/2021;2;3;JCD;AG;AW;NA;NA;C11;tourbiere_erodee;70;0;5;15;0;NA;NA;NA;NA;NA;0;NA;0;NA;NA;indetermine;NA;NA;0;NA
RNM;central;29/07/2021;2;3;AGB;CJ;FB;NA;NA;C12;tourbiere_erodee;80;0;5;15;0;NA;NA;NA;NA;NA;0;1 Crapaud commun;0;NA;NA;indetermine;NA;NA;0;NA
RNM;central;29/07/2021;2;3;JCD;AG;AW;NA;NA;C13;tourbiere_erodee;60;0;5;15;0;NA;NA;NA;NA;NA;0;NA;0;NA;NA;indetermine;NA;NA;0;NA
RNM;central;29/07/2021;2;3;JCD;AG;AW;NA;NA;C14;tourbiere_erodee;85;01-oct;5;15;1;molinie;NA;NA;NA;4;0;NA;0;NA;NA;indetermine;NA;NA;0;NA
RNM;central;29/07/2021;2;3;JCD;AG;AW;NA;NA;C15;tourbiere_erodee;50;21-30;5;15;1;carex;molinie;NA;NA;15;0;NA;0;NA;NA;indetermine;NA;NA;0;NA
RNM;central;29/07/2021;2;3;AGB;CJ;FB;NA;NA;C16;tourbiere_erodee;100;0;5,8;17,4;0;NA;NA;NA;NA;NA;1;Adulte Sympetrum Danae femelle capturé;1;NA;cordulegaster_bitentata;indetermine;AGB_JCD;En_cours_Remoray;0;NA
RNM;central;29/07/2021;2;3;AGB;CJ;FB;NA;NA;C17;tourbiere_erodee;70;nov-20;5,6;16,7;0;NA;NA;NA;NA;7;0;NA;0;NA;NA;indetermine;NA;NA;0;NA
RNM;central;29/07/2021;2;3;AGB;CJ;FB;NA;NA;C18;tourbiere_erodee;100;0;5,8;17,4;0;NA;NA;NA;NA;NA;0;NA;0;NA;NA;indetermine;NA;NA;0;NA
RNM;central;29/07/2021;2;3;AGB;CJ;FB;NA;NA;C19;tourbiere_erodee;100;0;5;15;1;scheuchzerie;molinie;NA;NA;NA;0;NA;0;NA;NA;indetermine;NA;NA;0;NA
RNM;central;29/07/2021;2;3;AGB;CJ;FB;NA;NA;C20;tourbiere_haute;100;0;5;15;0;NA;NA;NA;NA;NA;0;NA;0;NA;NA;indetermine;NA;NA;0;NA
RNM;central;29/07/2021;2;3;AGB;CJ;FB;NA;NA;C21;tourbiere_haute;100;0;5;15;0;NA;NA;NA;NA;NA;0;NA;0;NA;NA;indetermine;NA;NA;0;NA
RNM;central;29/07/2021;2;3;JCD;AG;AW;NA;NA;C22;tourbiere_haute;100;0;5,7;17,1;0;NA;NA;NA;NA;NA;0;NA;0;NA;NA;indetermine;NA;NA;0;NA
RNM;central;29/07/2021;2;3;AGB;CJ;FB;NA;NA;C23;tourbiere_haute;100;0;5,2;15,5;0;NA;NA;NA;NA;NA;0;NA;0;NA;NA;indetermine;NA;NA;0;NA
RNM;central;29/07/2021;2;3;AGB;CJ;FB;NA;NA;C24;tourbiere_haute;100;0;5,5;16,5;0;NA;NA;NA;NA;NA;0;NA;0;NA;NA;indetermine;NA;NA;0;NA
RNM;central;29/07/2021;2;3;AGB;CJ;FB;NA;NA;C25;tourbiere_haute;100;0;5;15;0;NA;NA;NA;NA;NA;0;NA;0;NA;NA;indetermine;NA;NA;0;NA
RNM;central;29/07/2021;2;3;JCD;AG;AW;NA;NA;C26;tourbiere_haute;100;0;5;15;0;NA;NA;NA;NA;NA;0;NA;0;NA;NA;indetermine;NA;NA;0;NA
RNM;central;29/07/2021;2;3;JCD;AG;AW;NA;NA;C27;tourbiere_haute;100;0;5;15;0;NA;NA;NA;NA;NA;0;NA;0;NA;NA;indetermine;NA;NA;0;NA
RNM;central;29/07/2021;2;3;AGB;CJ;FB;NA;NA;C28;tourbiere_haute;100;0;5;15;0;NA;NA;NA;NA;NA;0;NA;0;NA;NA;indetermine;NA;NA;0;NA
RNM;central;29/07/2021;2;3;AGB;CJ;FB;NA;NA;C29;tourbiere_haute;100;0;7;21;0;NA;NA;NA;NA;NA;0;NA;0;NA;NA;indetermine;NA;NA;0;NA
RNM;central;29/07/2021;2;3;AGB;CJ;FB;NA;NA;C30;tremblant;60;01-oct;6,25;18,75;1;scheuchzerie;sphaignes;NA;NA;5;1;NA;1;NA;leucorrhinia_dubia;indetermine;AGB_JCD;NA;0;NA
RNM;central;29/07/2021;2;3;AGB;CJ;FB;NA;NA;C30;tremblant;60;01-oct;6,25;18,75;1;scheuchzerie;sphaignes;NA;NA;5;1;NA;1;NA;aeshna_subarctica;male;AGB_JCD;NA;0;NA
RNM;central;29/07/2021;2;3;AGB;CJ;FB;NA;NA;C30;tremblant;60;01-oct;6,25;18,75;1;scheuchzerie;sphaignes;NA;NA;5;1;NA;1;NA;aeschnide;indetermine;AGB_JCD;En_cours_Remoray;0;NA
RNM;central;29/07/2021;2;3;JCD;AG;AW;NA;NA;C31;tremblant;60;0;6,5;19,5;0;NA;NA;NA;NA;NA;1;NA;1;NA;aeshna_subarctica;femelle;AGB_JCD;NA;0;NA
RNM;central;29/07/2021;2;3;JCD;AG;AW;NA;NA;C32;tremblant;100;0;6,3;19;0;NA;NA;NA;NA;NA;0;NA;0;NA;NA;indetermine;NA;NA;0;NA
RNM;central;29/07/2021;2;3;JCD;AG;AW;NA;NA;C33;tremblant;70;01-oct;6;18;1;scheuchzerie;NA;NA;NA;3;0;NA;0;NA;NA;indetermine;NA;NA;0;NA
RNM;central;29/07/2021;2;3;JCD;AG;AW;NA;NA;C34;tremblant;85;01-oct;6,3;19;1;scheuchzerie;carex;NA;NA;5;0;NA;0;NA;NA;indetermine;NA;NA;0;NA
RNM;central;29/07/2021;2;3;AGB;CJ;FB;NA;NA;C35;tremblant;100;41-50;6,5;19,5;1;scheuchzerie;sphaignes;droseras;NA;20;1;NA;1;NA;somatochlora_arctica;indetermine;AGB_JCD;NA;0;NA
RNM;central;29/07/2021;2;3;AGB;CJ;FB;NA;NA;C35;tremblant;100;41-50;6,5;19,5;1;scheuchzerie;sphaignes;droseras;NA;20;1;NA;1;NA;aeshna_juncea;indetermine;AGB_JCD;En_cours_Remoray;0;NA
RNM;central;29/07/2021;2;3;AGB;CJ;FB;NA;NA;C35;tremblant;100;41-50;6,5;19,5;1;scheuchzerie;sphaignes;droseras;NA;20;1;NA;1;NA;aeschnide;indetermine;AGB_JCD;En_cours_Remoray;0;NA
RNM;central;29/07/2021;2;3;AGB;CJ;FB;NA;NA;C35;tremblant;100;41-50;6,5;19,5;1;scheuchzerie;sphaignes;droseras;NA;20;1;NA;1;NA;aeshna_subarctica;femelle;AGB_JCD;NA;0;NA
RNM;central;29/07/2021;2;3;AW;AG;JCD;NA;NA;C36;tremblant;70;nov-20;6,3;19;1;scheuchzerie;lycopode;NA;NA;100;1;NA;1;NA;aeshna_juncea;femelle;AGB_JCD;NA;0;NA
RNM;central;29/07/2021;2;3;AGB;CJ;FB;NA;NA;C37;tremblant;100;0;3,5;11;0;NA;NA;NA;NA;NA;0;Eau sous les sphaignes;0;NA;NA;NA;NA;NA;0;NA
RNM;central;29/07/2021;2;3;AGB;CJ;FB;NA;NA;C38;tremblant;90;0;5;15;0;NA;NA;NA;NA;NA;0;Eau sous les sphaignes;0;NA;NA;indetermine;NA;NA;0;NA
RNM;central;29/07/2021;2;3;AW;AG;JCD;NA;NA;C39;tremblant;90;0;5;15;1;scheuchzerie;NA;NA;NA;NA;1;NA;1;NA;somatochlora_arctica;indetermine;AGB_JCD;NA;0;NA
RNM;central;29/07/2021;2;3;AGB;CJ;FB;NA;NA;C40;vegetation_non_tourbeuse;100;0;5;15;0;NA;NA;NA;NA;NA;0;NA;0;NA;NA;indetermine;NA;NA;0;NA
RNM;central;29/07/2021;2;3;AW;AG;JCD;NA;NA;C41;vegetation_non_tourbeuse;70;0;5;15;0;NA;NA;NA;NA;NA;0;NA;0;NA;NA;indetermine;NA;NA;0;NA
RNM;central;29/07/2021;2;3;AGB;CJ;FB;NA;NA;C42;vegetation_non_tourbeuse;100;01-oct;5;15;0;NA;NA;NA;NA;0;0;Déplacé car non trouvé. Molinie très dense. 10% eau libre;0;NA;NA;indetermine;NA;NA;0;NA
RNM;central;29/07/2021;2;3;AW;AG;JCD;NA;NA;C43;vegetation_non_tourbeuse;100;0;5;15;0;NA;NA;NA;NA;NA;0;NA;0;NA;NA;indetermine;NA;NA;0;NA
RNM;central;29/07/2021;2;3;AW;AG;JCD;NA;NA;C44;vegetation_non_tourbeuse;100;0;5;15;0;NA;NA;NA;NA;NA;0;NA;0;NA;NA;indetermine;NA;NA;0;NA
RNM;central;29/07/2021;2;3;AW;AG;JCD;NA;NA;C45;vegetation_non_tourbeuse;100;0;5;15;0;NA;NA;NA;NA;NA;0;NA;0;NA;NA;indetermine;NA;NA;0;NA
RNM;central;29/07/2021;2;4;CJ;FB;JCD;AGB;NA;C46;vegetation_non_tourbeuse;100;0;5;15;0;NA;NA;NA;NA;NA;0;Déplacée sur chardons avec rubalise;0;NA;NA;indetermine;NA;NA;0;NA
RNM;central;29/07/2021;2;3;AW;AG;JCD;NA;NA;C47;vegetation_non_tourbeuse;90;31-40;6,5;19,5;0;NA;NA;NA;NA;10;0;NA;0;NA;NA;indetermine;NA;NA;0;NA
RNM;central;29/07/2021;2;3;AGB;CJ;FB;NA;NA;C48;vegetation_non_tourbeuse;95;0;5;15;0;NA;NA;NA;NA;NA;0;NA;0;NA;NA;indetermine;NA;NA;0;NA
RNM;central;29/07/2021;2;3;AGB;CJ;FB;NA;NA;C49;vegetation_non_tourbeuse;100;0;5;15;0;NA;NA;NA;NA;NA;0;NA;0;NA;NA;indetermine;NA;NA;0;NA
RNM;peripherique;28/07/2021;2;4;JCD;AGB;FDI;AG;NA;P0;eau_libre;100;100;5;20;1;comaret;sphaignes;NA;NA;27;0;Pleins de larves de tritons;0;NA;NA;indetermine;NA;NA;0;NA
RNM;peripherique;28/07/2021;2;4;JCD;AGB;FDI;AG;NA;P1;tourbiere_erodee;90;81-92;5;20;1;linaigrette;sphaignes;NA;NA;18;0;NA;0;NA;NA;indetermine;NA;NA;0;NA
RNM;peripherique;28/07/2021;2;4;JCD;AGB;FDI;AG;NA;P2;eau_libre;90;81-91;5;5;1;sphaignes;NA;NA;NA;18;1;NA;1;NA;aeshna_juncea;femelle;AGB_JCD;NA;0;NA
RNM;peripherique;28/07/2021;2;4;JCD;AGB;FDI;AG;NA;P3;eau_libre;80;81-90;6;24;1;carex;sphaignes;NA;NA;29;1;NA;9;NA;aeshna_cyanea;male;AGB_JCD;NA;0;NA
RNM;peripherique;28/07/2021;2;4;JCD;AGB;FDI;AG;NA;P3;eau_libre;80;81-90;6;24;1;carex;sphaignes;NA;NA;29;1;NA;10;NA;aeshna_cyanea;femelle;AGB_JCD;NA;0;NA
RNM;peripherique;28/07/2021;2;4;JCD;AGB;FDI;AG;NA;P3;eau_libre;80;81-90;6;24;1;carex;sphaignes;NA;NA;29;1;NA;2;NA;aeshna_juncea;femelle;AGB_JCD;NA;0;NA
RNM;peripherique;30/07/2021;2;3;SP;VS;AGB;NA;NA;P4;eau_libre;60;81-90;5;15;1;carex;sphaignes;NA;NA;7;0;90%_eau_libre;0;NA;NA;indetermine;NA;NA;0;NA
RNM;peripherique;30/07/2021;2;3;SP;VS;AGB;NA;NA;P5;eau_libre;70;01-oct;5;15;1;carex;NA;NA;NA;3;0;NA;0;NA;NA;indetermine;NA;NA;0;NA
RNM;peripherique;30/07/2021;2;3;SP;VS;AGB;NA;NA;P6;eau_libre;60;21-30;5;15;1;carex;NA;NA;NA;7;0;NA;0;NA;NA;indetermine;NA;NA;0;NA
RNM;peripherique;28/07/2021;2;2;AG;JCD;NA;NA;NA;P7;eau_libre;100;nov-20;7,5;15;1;molinie;NA;NA;NA;5;0;NA;0;NA;NA;indetermine;NA;NA;0;NA
RNM;peripherique;28/07/2021;2;2;JCD;FDI;NA;NA;NA;P8;eau_libre;100;01-oct;7,5;15;1;carex;linaigrette;NA;NA;15;0;NA;0;NA;NA;indetermine;NA;NA;0;NA
RNM;peripherique;28/07/2021;2;3;JCD;AG;FDI;NA;NA;P9;eau_libre;95;91-100;5;15;1;molinie;carex;NA;NA;25;0;NA;0;NA;NA;indetermine;NA;NA;0;NA
RNM;peripherique;28/07/2021;2;4;JCD;AGB;FDI;AG;NA;P10;tourbiere_erodee;90;21-30;5;15;1;linaigrette;carex;sphaignes;NA;3;0;NA;0;NA;NA;indetermine;NA;NA;0;NA
RNM;peripherique;28/07/2021;2;4;JCD;AGB;FDI;AG;NA;P11;tourbiere_erodee;70;71-80;5;20;1;linaigrette;droseras;sphaignes;NA;5;0;NA;0;NA;NA;indetermine;NA;NA;0;NA
RNM;peripherique;28/07/2021;2;4;JCD;AGB;FDI;AG;NA;P12;tourbiere_erodee;90;41-50;5;20;1;carex;sphaignes;molinie;NA;7;0;NA;0;NA;NA;indetermine;NA;NA;0;NA
RNM;peripherique;30/07/2021;2;3;LS;MV;JCD;NA;NA;P13;tourbiere_erodee;90;0;5;15;0;NA;NA;NA;NA;NA;0;NA;0;NA;NA;indetermine;NA;NA;0;NA
RNM;peripherique;30/07/2021;2;3;LS;MV;JCD;NA;NA;P14;tourbiere_erodee;100;0;5;15;0;NA;NA;NA;NA;NA;0;NA;0;NA;NA;indetermine;NA;NA;0;NA
RNM;peripherique;30/07/2021;2;3;SP;VS;AGB;NA;NA;P15;tourbiere_erodee;100;0;6;18;0;NA;NA;NA;NA;NA;0;NA;0;NA;NA;indetermine;NA;NA;0;NA
RNM;peripherique;30/07/2021;2;2;LS;JCD;NA;NA;NA;P16;tourbiere_erodee;100;21-30;7,5;15;1;sphaignes;molinie;NA;NA;3;0;NA;0;NA;NA;indetermine;NA;NA;0;NA
RNM;peripherique;30/07/2021;2;3;LS;MV;JCD;NA;NA;P17;tourbiere_erodee;100;0;5;15;0;NA;NA;NA;NA;NA;0;NA;0;NA;NA;indetermine;NA;NA;0;NA
RNM;peripherique;30/07/2021;2;2;LS;JCD;NA;NA;NA;P18;tourbiere_erodee;90;0;7,5;15;0;NA;NA;NA;NA;NA;0;NA;0;NA;NA;indetermine;NA;NA;0;NA
RNM;peripherique;28/07/2021;2;3;JCD;AG;FDI;NA;NA;P19;tourbiere_erodee;100;0;5;15;0;NA;NA;NA;NA;NA;0;NA;0;NA;NA;indetermine;NA;NA;0;0
RNM;peripherique;28/07/2021;2;4;JCD;AGB;FDI;AG;NA;P20;tourbiere_haute;100;0;5;20;0;NA;NA;NA;NA;NA;0;NA;0;NA;NA;indetermine;NA;NA;0;0
RNM;peripherique;28/07/2021;2;4;JCD;AGB;FDI;AG;NA;P21;tourbiere_haute;70;0;3,5;15;0;NA;NA;NA;NA;NA;0;NA;0;NA;NA;indetermine;NA;NA;0;0
RNM;peripherique;30/07/2021;2;3;SP;VS;AGB;NA;NA;P22;tourbiere_haute;80;0;5;20;0;NA;NA;NA;NA;NA;0;NA;0;NA;NA;indetermine;NA;NA;0;0
RNM;peripherique;30/07/2021;2;3;SP;VS;AGB;NA;NA;P23;tourbiere_haute;100;0;5;15;0;NA;NA;NA;NA;NA;0;NA;0;NA;NA;indetermine;NA;NA;0;0
RNM;peripherique;30/07/2021;2;3;SP;VS;AGB;NA;NA;P24;tourbiere_haute;95;0;5;15;0;NA;NA;NA;NA;NA;0;NA;0;NA;NA;indetermine;NA;NA;0;0
RNM;peripherique;28/07/2021;2;3;JCD;AG;FDI;NA;NA;P25;tourbiere_haute;100;0;5;15;0;NA;NA;NA;NA;NA;0;NA;0;NA;NA;indetermine;NA;NA;0;0
RNM;peripherique;28/07/2021;2;3;JCD;AG;FDI;NA;NA;P26;tourbiere_haute;100;0;5;15;0;NA;NA;NA;NA;NA;0;NA;0;NA;NA;indetermine;NA;NA;1;0
RNM;peripherique;28/07/2021;2;3;JCD;AG;FDI;NA;NA;P27;tourbiere_haute;100;0;5;15;0;NA;NA;NA;NA;NA;0;NA;0;NA;NA;indetermine;NA;NA;1;0
RNM;peripherique;28/07/2021;2;3;JCD;AG;FDI;NA;NA;P28;tourbiere_haute;100;0;5;15;0;NA;NA;NA;NA;NA;0;NA;0;NA;NA;indetermine;NA;NA;1;0
RNM;peripherique;28/07/2021;2;3;JCD;AG;FDI;NA;NA;P29;tourbiere_haute;100;0;5;15;0;NA;NA;NA;NA;NA;0;NA;0;NA;NA;indetermine;NA;NA;1;0
RNM;peripherique;28/07/2021;2;4;JCD;AGB;FDI;AG;NA;P30;tremblant;70;01-oct;5;20;1;carex;sphaignes;luzule;molinie;10;0;NA;0;NA;NA;indetermine;NA;NA;1;0
RNM;peripherique;30/07/2021;2;3;LS;MV;JCD;NA;NA;P31;tremblant;100;0;5;15;0;NA;NA;NA;NA;NA;0;NA;0;NA;NA;indetermine;NA;NA;1;0
RNM;peripherique;30/07/2021;2;2;LS;JCD;NA;NA;NA;P32;tremblant;90;01-oct;7,5;15;0;NA;NA;NA;NA;0;0;cours d'eau 8 cm ;0;NA;NA;indetermine;NA;NA;1;0
RNM;peripherique;30/07/2021;2;2;LS;JCD;NA;NA;NA;P33;tremblant;70;0;7,5;15;0;NA;NA;NA;NA;NA;0;NA;0;NA;NA;indetermine;NA;NA;0;0
RNM;peripherique;30/07/2021;2;2;SP;VS;NA;NA;NA;P34;tremblant;100;01-oct;10;20;1;joncs;sphaignes;NA;NA;5;0;NA;0;NA;NA;indetermine;NA;NA;0;0
RNM;peripherique;30/07/2021;2;2;LS;MV;NA;NA;NA;P35;tremblant;70;0;5;15;0;NA;NA;NA;NA;NA;0;NA;0;NA;NA;indetermine;NA;NA;0;0
RNM;peripherique;30/07/2021;2;3;LS;MV;JCD;NA;NA;P36;tremblant;50;21-30;5;15;1;molinie;carex;fougere;NA;3;0;NA;0;NA;NA;indetermine;NA;NA;0;0
RNM;peripherique;30/07/2021;2;2;LS;JCD;NA;NA;NA;P37;tourbiere_erodee;70;01-oct;7,5;20;1;luzule;NA;NA;NA;8;0;NA;0;NA;NA;indetermine;NA;NA;1;0
RNM;peripherique;30/07/2021;2;3;SP;VS;AGB;NA;NA;P38;tremblant;100;01-oct;5;20;1;sphaignes;luzule;NA;NA;2;0;NA;0;NA;NA;indetermine;NA;NA;1;0
RNM;peripherique;28/07/2021;2;3;FDI;JCD;AG;NA;NA;P39;vegetation_non_tourbeuse;100;41-50;6,3;20;1;joncs;molinie;NA;NA;5;0;NA;0;NA;NA;indetermine;NA;NA;1;0
RNM;peripherique;28/07/2021;2;4;JCD;AGB;FDI;AG;NA;P40;vegetation_non_tourbeuse;100;0;3,5;16,5;0;NA;NA;NA;NA;NA;0;NA;0;NA;NA;indetermine;NA;NA;1;0
RNM;peripherique;30/07/2021;2;3;SP;VS;JCD;NA;NA;P41;vegetation_non_tourbeuse;100;0;5;5;0;NA;NA;NA;NA;NA;0;NA;0;NA;NA;indetermine;NA;NA;1;0
RNM;peripherique;30/07/2021;2;3;SP;VS;AGB;NA;NA;P42;vegetation_non_tourbeuse;100;0;5;15;0;NA;NA;NA;NA;NA;0;NA;0;NA;NA;indetermine;NA;NA;1;0
RNM;peripherique;30/07/2021;2;3;SP;VS;AGB;NA;NA;P43;vegetation_non_tourbeuse;100;0;5;15;0;NA;NA;NA;NA;NA;0;NA;0;NA;NA;indetermine;NA;NA;1;0
RNM;peripherique;28/07/2021;2;3;FDI;JCD;AG;NA;NA;P44;vegetation_non_tourbeuse;100;0;5;15;0;NA;NA;NA;NA;NA;0;NA;0;NA;NA;indetermine;NA;NA;0;0
RNM;peripherique;28/07/2021;2;3;FDI;JCD;AG;NA;NA;P45;vegetation_non_tourbeuse;100;0;5;15;0;NA;NA;NA;NA;NA;0;NA;0;NA;NA;indetermine;NA;NA;0;0
RNM;peripherique;28/07/2021;2;3;FDI;JCD;AG;NA;NA;P46;vegetation_non_tourbeuse;100;0;5;15;0;NA;NA;NA;NA;NA;0;NA;0;NA;NA;indetermine;NA;NA;0;0
RNM;peripherique;28/07/2021;2;3;FDI;JCD;AG;NA;NA;P47;vegetation_non_tourbeuse;100;0;5;15;0;NA;NA;NA;NA;NA;0;NA;0;NA;NA;indetermine;NA;NA;0;0
RNM;peripherique;28/07/2021;2;3;FDI;JCD;AG;NA;NA;P48;vegetation_non_tourbeuse;100;0;5;15;0;NA;NA;NA;NA;NA;0;NA;0;NA;NA;indetermine;NA;NA;0;0
RNM;peripherique;30/07/2021;2;2;JCD;AGB;NA;NA;NA;P49;vegetation_non_tourbeuse;100;01-oct;7,5;15;1;molinie;NA;NA;NA;4;0;NA;0;NA;NA;indetermine;NA;NA;0;0
RNM;central;18/08/2021;3;2;MV;AG;NA;NA;NA;C0;eau_libre;100;100;10;20;1;trefle_d_eau;NA;andromede;NA;200;0;NA;0;NA;NA;indetermine;AGB_JCD;NA;0;NA
RNM;central;18/08/2021;3;2;LS;AGB;NA;NA;NA;C1;eau_libre;100;100;10;20;1;scheuchzerie;carex;joncs;trefle_d_eau;200;0;NA;0;NA;NA;indetermine;NA;NA;1;NA
RNM;central;18/08/2021;3;2;MV;AG;NA;NA;NA;C2;eau_libre;100;100;10;20;1;scheuchzerie;trefle_d_eau;andromede;NA;200;1;NA;0;NA;NA;indetermine;NA;NA;1;NA
RNM;central;18/08/2021;3;2;MV;AG;NA;NA;NA;C3;eau_libre;100;100;10;20;1;lycopode;andromede;NA;NA;200;0;NA;0;NA;NA;indetermine;NA;NA;1;NA
RNM;central;18/08/2021;3;2;MV;AG;NA;NA;NA;C4;eau_libre;100;100;8,5;17;1;NA;comaret;scheuchzerie;NA;200;0;1 Adulte mort;0;NA;NA;indetermine;NA;NA;1;NA
RNM;central;18/08/2021;3;2;MV;AG;NA;NA;NA;C5;eau_libre;100;100;10;20;1;scheuchzerie;lycopode;NA;NA;200;0;1 Adulte mort;0;NA;NA;indetermine;NA;NA;1;NA
RNM;central;18/08/2021;3;2;MV;AG;NA;NA;NA;C6;eau_libre;100;100;10;20;1;scheuchzerie;trefle_d_eau ;andromede;NA;200;0;NA;0;NA;NA;indetermine;NA;NA;1;NA
RNM;central;18/08/2021;3;2;MV;AG;NA;NA;NA;C7;eau_libre;100;100;10;20;1;andromede;NA;lycopode;NA;200;1;1 Adulte mort;0;NA;NA;indetermine;NA;NA;1;NA
RNM;central;18/08/2021;3;3;AGB;CL;LS;NA;NA;C10;tourbiere_erodee;70;nov-20;5,5;16,5;1;trefle_d_eau;joncs;NA;NA;3;0;NA;0;NA;NA;indetermine;NA;NA;0;NA
RNM;central;18/08/2021;3;3;JCD;CJ;EH;NA;NA;C11;tourbiere_erodee;30;0;5;15;0;NA;NA;NA;NA;NA;0;NA;0;NA;NA;indetermine;NA;NA;0;NA
RNM;central;18/08/2021;3;3;AGB;CL;LS;NA;NA;C12;tourbiere_erodee;80;01-oct;5;15;1;scheuchzerie;sphaignes;NA;NA;3;1;NA;1;NA;leucorrhinia_dubia;indetermine;JCD;NA;0;NA
RNM;central;18/08/2021;3;3;JCD;CJ;EH;NA;NA;C13;tourbiere_erodee;50;0;5;15;0;NA;NA;NA;NA;NA;0;NA;0;NA;NA;indetermine;NA;NA;0;NA
RNM;central;18/08/2021;3;3;JCD;CJ;EH;NA;NA;C14;tourbiere_erodee;20;01-oct;5;15;1;molinie;NA;NA;NA;1;0;NA;0;NA;NA;indetermine;NA;NA;0;NA
RNM;central;18/08/2021;3;3;AGB;CL;LS;NA;NA;C21;tourbiere_haute;100;0;5;15;0;NA;NA;NA;NA;NA;0;NA;0;NA;NA;indetermine;NA;NA;0;NA
RNM;central;18/08/2021;3;3;JCD;CJ;EH;NA;NA;C22;tourbiere_haute;100;0;5;15;0;NA;NA;NA;NA;NA;0;NA;0;NA;NA;indetermine;NA;NA;0;NA
RNM;central;18/08/2021;3;3;AGB;CL;LS;NA;NA;C23;tourbiere_haute;100;0;5;15;0;NA;NA;NA;NA;NA;0;NA;0;NA;NA;indetermine;NA;NA;0;NA
RNM;central;18/08/2021;3;3;AGB;CL;LS;NA;NA;C24;tourbiere_haute;100;01-oct;5;15;0;NA;NA;NA;NA;2;0;NA;0;NA;NA;indetermine;NA;NA;0;NA
RNM;central;18/08/2021;3;3;JCD;CJ;EH;NA;NA;C26;tourbiere_haute;90;0;5;15;0;NA;NA;NA;NA;NA;0;NA;0;NA;NA;indetermine;NA;NA;0;NA
RNM;central;18/08/2021;3;3;AGB;CL;LS;NA;NA;C27;tourbiere_haute;100;0;5,35;16;0;NA;NA;NA;NA;NA;0;NA;0;NA;NA;indetermine;NA;NA;0;NA
RNM;central;18/08/2021;3;3;JCD;CJ;EH;NA;NA;C31;tremblant;40;0;5;15;0;NA;NA;NA;NA;NA;0;NA;0;NA;NA;indetermine;NA;NA;0;NA
RNM;central;18/08/2021;3;3;JCD;CJ;EH;NA;NA;C32;tremblant;80;0;5;15;0;NA;NA;NA;NA;NA;0;NA;0;NA;NA;indetermine;NA;NA;0;NA
RNM;central;18/08/2021;3;3;JCD;CJ;EH;NA;NA;C33;tremblant;50;01-oct;5;15;1;scheuchzerie;NA;NA;NA;8;0;NA;0;NA;NA;indetermine;NA;NA;0;NA
RNM;central;18/08/2021;3;3;JCD;CJ;EH;NA;NA;C34;tremblant;70;0;5;15;0;NA;NA;NA;NA;NA;0;NA;0;NA;NA;indetermine;NA;NA;0;NA
RNM;central;18/08/2021;3;3;JCD;CJ;EH;NA;NA;C36;tremblant;70;0;5;15;1;scheuchzerie;lycopode;NA;NA;100;0;NA;0;NA;NA;indetermine;NA;NA;0;NA
RNM;central;18/08/2021;3;3;AGB;CL;LS;NA;NA;C37;tremblant;100;0;5;15;0;NA;NA;NA;NA;2;0;Déplacé / revoir notes téléphone Alix (rempli par Jeanne on ne sait pas sur quelle base);0;NA;NA;NA;NA;NA;0;NA
RNM;central;18/08/2021;3;3;AGB;CL;LS;NA;NA;C38;tremblant;90;0;5;15;0;NA;NA;NA;NA;NA;0;NA;0;NA;NA;indetermine;NA;NA;0;NA
RNM;central;18/08/2021;3;3;JCD;CJ;EH;NA;NA;C41;vegetation_non_tourbeuse;100;0;5;15;0;NA;NA;NA;NA;NA;0;NA;0;NA;NA;indetermine;NA;NA;0;NA
RNM;central;18/08/2021;3;3;AGB;CL;LS;NA;NA;C42;vegetation_non_tourbeuse;100;01-oct;5,5;16,5;1;molinie;NA;NA;NA;7;0;Déplacé;0;NA;NA;indetermine;NA;NA;0;NA
RNM;central;18/08/2021;3;3;JCD;CJ;EH;NA;NA;C43;vegetation_non_tourbeuse;100;0;5;15;0;NA;NA;NA;NA;NA;0;NA;0;NA;NA;indetermine;NA;NA;0;NA
RNM;central;08/09/2021;4;3;SP;LS;MV;NA;NA;C4;eau_libre;100;100;5;15;1;molinie;NA;NA;NA;200;0;NA;NA;NA;NA;NA;NA;NA;1;0
RNM;central;08/09/2021;4;3;SP;LS;MV;NA;NA;C3;eau_libre;100;100;5;15;1;molinie;NA;NA;NA;200;1;NA;NA;NA;aeshna juncea;femelle;AGB;NA;1;0
RNM;central;08/09/2021;4;2;LS;MV;NA;NA;NA;C46;vegetation_non_tourbeuse;100;21-30;5;15;1;molinie;NA;NA;NA;10;0;Placette non retrouvée, point fait à proximité;NA;NA;NA;NA;NA;NA;NA;NA
RNM;central;08/09/2021;4;2;LS;MV;NA;NA;NA;C39;tourbiere_haute;NA;0;7,5;15;1;molinie;NA;NA;NA;NA;0;Placette non retrouvée, point fait à proximité;NA;NA;NA;NA;NA;NA;NA;NA
RNM;central;08/09/2021;4;2;LS;MV;NA;NA;NA;C44;vegetation_non_tourbeuse;100;0;7,5;15;1;molinie;NA;NA;NA;NA;0;NA;NA;NA;NA;NA;NA;NA;NA;NA
RNM;central;08/09/2021;4;2;LS;MV;NA;NA;NA;C48;vegetation_non_tourbeuse;100;0;7,5;15;1;molinie;NA;NA;NA;NA;0;Placette non retrouvée, point fait à proximité;NA;NA;NA;NA;NA;NA;NA;NA
RNM;central;08/09/2021;4;2;LS;MV;NA;NA;NA;C19;tourbiere_erodee;NA;0;7,5;15;1;molinie;prêle;NA;NA;NA;0;NA;NA;NA;NA;NA;NA;NA;NA;NA
RNM;central;08/09/2021;4;2;LS;MV;NA;NA;NA;C28;tourbiere_haute;NA;0;7,5;15;1;molinie;NA;NA;NA;NA;0;Placette non retrouvée, point fait à proximité;NA;NA;NA;NA;NA;NA;NA;NA
RNM;central;08/09/2021;4;2;SP;FB;NA;NA;NA;C27;tourbiere_haute;NA;0;7,5;15;1;molinie;NA;NA;NA;NA;0;NA;NA;NA;NA;NA;NA;NA;NA;NA
RNM;central;08/09/2021;4;2;SP;FB;NA;NA;NA;C45;vegetation_non_tourbeuse;100;0;7,5;15;1;molinie;NA;NA;NA;NA;0;NA;NA;NA;NA;NA;NA;NA;NA;NA
RNM;central;08/09/2021;4;2;SP;FB;NA;NA;NA;C8;eau_libre;NA;nov-20;7,5;15;1;molinie;NA;NA;NA;NA;0;"Plumes de bécasse des bois trouvées par Franck; profondeur d'eau de  plus de 50 cm";NA;NA;NA;NA;NA;NA;1;NA
RNM;central;08/09/2021;4;2;SP;FB;NA;NA;NA;C47;vegetation_non_tourbeuse;100;01-oct;7,5;15;1;molinie;NA;NA;NA;6;0;NA;NA;NA;NA;NA;NA;NA;NA;NA
RNM;central;08/09/2021;4;2;SP;FB;NA;NA;NA;C16;tourbiere_erodee;NA;0;7,5;15;1;molinie;NA;NA;NA;NA;0;NA;NA;NA;NA;NA;NA;NA;NA;NA
RNM;central;08/09/2021;4;2;SP;FB;NA;NA;NA;C18;tourbiere_erodee;NA;0;7,5;15;1;molinie;NA;NA;NA;NA;0;NA;NA;NA;NA;NA;NA;NA;NA;NA
RNM;central;08/09/2021;4;2;SP;FB;NA;NA;NA;C15;tourbiere_erodee;NA;01-oct;7,1;14,2;1;carex;NA;NA;NA;25;0;NA;NA;NA;NA;NA;NA;NA;NA;NA
RNM;central;08/09/2021;4;2;AG;AF;NA;NA;NA;C30;tremblant;NA;0;6,43;13,26;1;scheuchzerie;carex;sphaignes;andromede;NA;0;linaigrettes et droseras;NA;NA;NA;NA;NA;NA;0;NA
RNM;central;08/09/2021;4;2;AG;AF;NA;NA;NA;C31;tremblant;NA;0;6;12;1;scheuchzerie;carex;sphaignes;linaigrette;NA;0;et andromede;NA;NA;NA;NA;NA;NA;NA;NA
RNM;central;08/09/2021;4;2;AG;AF;NA;NA;NA;C20;tourbiere_haute;NA;0;6;12;1;molinie;sphaignes;NA;NA;NA;0;NA;NA;NA;NA;NA;NA;NA;NA;NA
RNM;central;08/09/2021;4;2;AG;AF;NA;NA;NA;C32;tremblant;NA;01-oct;6,13;12,26;1;scheuchzerie;carex;sphaignes;droseras;6;1;NA;1;NA;aeshna subarctica;femelle;AGB;NA;NA;NA
RNM;central;08/09/2021;4;2;AG;AF;NA;NA;NA;C40;vegetation_non_tourbeuse;100;0;6,3;13;1;molinie;NA;NA;NA;NA;0;NA;NA;NA;NA;NA;NA;NA;NA;NA
RNM;central;08/09/2021;4;2;AG;AF;NA;NA;NA;C21;tourbiere_haute;NA;0;7;14;1;molinie;NA;NA;NA;NA;0;callune;NA;NA;NA;NA;NA;NA;NA;NA
RNM;central;08/09/2021;4;2;AG;AF;NA;NA;NA;C23;tourbiere_haute;NA;0;6,3;13;1;molinie;andromede;canneberge;NA;NA;0;NA;NA;NA;NA;NA;NA;NA;NA;NA
RNM;central;08/09/2021;4;2;AG;AF;NA;NA;NA;C0;eau_libre;100;100;10;20;1;carex;andromede;NA;NA;NA;0;4 grosses chenilles noires avec des taches rouges dont 3 sur andromede;NA;NA;NA;NA;NA;NA;1;0
RNM;central;08/09/2021;4;2;AG;AF;NA;NA;NA;C42;vegetation_non_tourbeuse;100;0;5,4;11,2;1;molinie;NA;NA;NA;NA;0;NA;NA;NA;NA;NA;NA;NA;NA;NA
RNM;central;08/09/2021;4;2;AG;AF;NA;NA;NA;C22;tourbiere_haute;NA;0;6;12;1;sphaignes;andromede;NA;NA;NA;0;3 jeunes pousses de sapin ou d'épicéas;NA;NA;NA;NA;NA;NA;NA;NA
RNM;central;08/09/2021;4;2;AG;AF;NA;NA;NA;C12;tourbiere_erodee;80;0;6;12;1;carex;scheuchzerie;molinie;lycopode;NA;0;Bécassine des marais / aussi andromede, callune, droseras, canneberge, linaigrette;NA;NA;NA;NA;NA;NA;NA;NA
RNM;central;08/09/2021;4;2;AG;AF;NA;NA;NA;C10;tourbiere_erodee;NA;0;5;10;1;carex;trefle_d_eau;lycopode;sphaignes;NA;0;droseras;NA;NA;NA;NA;NA;NA;NA;NA
RNM;central;08/09/2021;4;2;AG;AF;NA;NA;NA;C6;eau_libre;100;100;10;20;1;scheuchzerie;andromede;trefle_d_eau;lycopode;200;1;NA;1;NA;aeshna juncea;femelle;AGB;NA;1;0
RNM;central;08/09/2021;4;2;AG;AF;NA;NA;NA;C2;eau_libre;100;100;10;20;1;andromede;molinie;NA;NA;NA;1;Agrion jouvencelle et cordulie metallique en vol;1,5;NA;aeshna subarctica ;male;AGB;NA;1;0
RNM;central;08/09/2021;4;2;AG;AF;NA;NA;NA;C24;tourbiere_haute;NA;0;6,1;12,2;1;linaigrette;andromede;NA;NA;NA;0;NA;NA;NA;NA;NA;NA;NA;NA;NA
RNM;central;08/09/2021;4;2;AG;AF;NA;NA;NA;C35;tremblant;100;0;7,13;14,26;1;carex;sphaignes;NA;NA;NA;0;Placette non retrouvée, point fait à proximité (point GPS sur tel d'Arnaud) / vraie placette C35 retrouvée après et refaite (voir ligne en dessous);1;NA;aeshna juncea;femelle;AGB;NA;NA;NA
RNM;central;08/09/2021;4;2;AG;AF;NA;NA;NA;C35;tremblant;100;10;7,4;15,2;1;scheuchzerie;carex;molinie;lycopode;10;0;Aeschne en train de pondre / droseras , sphaigne , andromède;NA;NA;NA;NA;NA;NA;NA;NA
RNM;central;08/09/2021;4;2;AG;AF;NA;NA;NA;C38;tremblant;100;0;6,2;12,4;1;carex;scheuchzerie;sphaignes;NA;NA;0;NA;NA;NA;NA;NA;NA;NA;NA;NA
RNM;central;08/09/2021;4;2;AG;AF;NA;NA;NA;C25;tourbiere_haute;NA;0;6,2;12,4;1;molinie;andromede;sphaignes;NA;NA;0;une tête et aile d'adulte récoltée;NA;NA;NA;NA;NA;NA;NA;NA
RNM;central;08/09/2021;4;3;MV;LS;SP;NA;NA;C26;tourbiere_haute;NA;0;5;15;1;molinie;sphaignes;NA;NA;NA;0;NA;NA;NA;NA;NA;NA;NA;NA;NA
RNM;central;08/09/2021;4;3;MV;LS;SP;NA;NA;C7;eau_libre;100;100;5;15;1;molinie;sphaignes;NA;NA;200;0;NA;NA;NA;NA;NA;NA;NA;1;0
RNM;central;08/09/2021;4;2;AG;AF;NA;NA;NA;C35;tremblant;100;0;7,13;14,26;1;carex;sphaignes;NA;NA;NA;0;Placette non retrouvée, point fait à proximité (point GPS sur tel d'Arnaud) / vraie placette C35 retrouvée après et refaite (voir ligne en dessous);1;NA;aeshna subarctica;male;AGB;NA;NA;NA
RNM;central;08/09/2021;4;2;AG;AF;NA;NA;NA;C35;tremblant;100;0;7,13;14,26;1;carex;sphaignes;NA;NA;NA;0;Placette non retrouvée, point fait à proximité (point GPS sur tel d'Arnaud) / vraie placette C35 retrouvée après et refaite (voir ligne en dessous);1;NA;aeshna sp;male;AGB;NA;NA;NA
RNM;central;08/09/2021;4;3;MV;LS;SP;NA;NA;C36;tremblant;NA;nov-20;5;15;1;molinie;sphaignes;NA;NA;200;1;NA;1;0;aeshna subarctica;femelle;AGB;NA;NA;NA
RNM;central;08/09/2021;4;3;MV;LS;SP;NA;NA;C5;eau_libre;100;100;5;15;1;molinie;sphaignes;NA;NA;200;0;un adulte mort;NA;NA;NA;NA;NA;NA;1;0
RNM;central;08/09/2021;4;3;MV;LS;SP;NA;NA;C11;tourbiere_erodee;NA;0;5;15;1;molinie;sphaignes;NA;NA;NA;0;NA;NA;NA;NA;NA;NA;NA;NA;NA
RNM;central;08/09/2021;4;3;MV;LS;SP;NA;NA;C34;tremblant;NA;0;5;15;1;molinie;sphaignes;NA;NA;NA;0;NA;NA;NA;NA;NA;NA;NA;NA;NA
RNM;central;08/09/2021;4;3;MV;LS;SP;NA;NA;C41;vegetation_non_tourbeuse;100;0;5;15;1;molinie;NA;NA;NA;NA;0;NA;NA;NA;NA;NA;NA;NA;NA;NA
RNM;central;08/09/2021;4;3;MV;LS;SP;NA;NA;C13;tourbiere_erodee;NA;0;5;15;1;molinie;sphaignes;NA;NA;NA;0;NA;NA;NA;NA;NA;NA;NA;NA;NA
RNM;central;08/09/2021;4;3;MV;LS;SP;NA;NA;C14;tourbiere_erodee;NA;0;5;15;1;molinie;sphaignes;NA;NA;NA;0;NA;NA;NA;NA;NA;NA;NA;NA;NA
RNM;central;08/09/2021;4;3;MV;LS;SP;NA;NA;C43;vegetation_non_tourbeuse;100;0;5;15;1;molinie;NA;NA;NA;NA;0;NA;NA;NA;NA;NA;NA;NA;NA;NA
RNM;central;08/09/2021;4;2;AG;AF;NA;NA;NA;C37;tremblant;100;0;6;12;1;carex;scheuchzerie;droseras;andromede;NA;0;canneberge;NA;NA;NA;NA;NA;NA;NA;NA
RNM;central;08/09/2021;4;2;AG;AF;NA;NA;NA;C1;eau_libre;100;100;10;20;1;scheuchzerie;lycopode;NA;NA;NA;0;Cordulie métallique en vol et tandem sympetrum en train de pondre;NA;NA;NA;NA;NA;NA;1;0
RNM;central;08/09/2021;4;1;AF;NA;NA;NA;NA;C33;tremblant;75;0;10,5;10,5;1;carex;scheuchzerie;droseras;sphaignes;NA;1;NA;1;NA;somatochlora arctica;NA;AGB;NA;NA;NA
RNM;central;09/09/2021;4;5;AGB;AG;LuD;SP;CZ;C9;eau_libre;80;100;4;20;1;joncs;NA;NA;NA;50;0;"glycerie flottante; profondeur supérieure à 50cm";NA;NA;NA;NA;NA;NA;NA;NA
RNM;central;09/09/2021;4;5;AGB;AG;LuD;SP;CZ;C49;vegetation_non_tourbeuse;100;0;4;20;1;molinie;NA;NA;NA;NA;0;NA;NA;NA;NA;NA;NA;NA;NA;NA
RNM;central;09/09/2021;4;5;AGB;AG;LuD;SP;CZ;C29;tourbiere_haute;100;0;4;20;1;molinie;NA;NA;NA;NA;0;airelles et myrtilles;NA;NA;NA;NA;NA;NA;NA;NA
RNM;central;09/09/2021;4;5;AGB;AG;LuD;SP;CZ;C17;tourbiere_erodee;70;0;4;20;1;molinie;sphaignes;NA;NA;NA;0;violette des marais;NA;NA;NA;NA;NA;NA;NA;NA
RNM;peripherique;09/09/2021;4;5;AGB;AG;LuD;SP;CZ;P7;eau_libre;100;0;3;15;1;molinie;linaigrette;sphaignes;NA;NA;0;NA;NA;NA;NA;NA;NA;NA;NA;NA
RNM;peripherique;09/09/2021;4;5;AGB;AG;LuD;SP;CZ;P8;eau_libre;100;0;3;15;1;molinie;linaigrette;canneberge;droseras;NA;0;callune;NA;NA;NA;NA;NA;NA;NA;NA
RNM;peripherique;09/09/2021;4;5;AGB;AG;LuD;SP;CZ;P26;tourbiere_haute;100;0;4;20;1;molinie;callune;NA;NA;NA;0;NA;NA;NA;NA;NA;NA;NA;NA;NA
RNM;peripherique;09/09/2021;4;5;AGB;AG;LuD;SP;CZ;P27;tourbiere_haute;100;0;4;20;1;molinie;callune;NA;NA;NA;0;Plus les fleurs bleues en photo;NA;NA;NA;NA;NA;NA;NA;NA
RNM;peripherique;09/09/2021;4;5;AGB;AG;LuD;SP;CZ;P25;tourbiere_haute;100;0;4;20;1;molinie;callune;NA;NA;NA;0;NA;NA;NA;NA;NA;NA;NA;NA;NA
RNM;peripherique;09/09/2021;4;5;AGB;AG;LuD;SP;CZ;P48;vegetation_non_tourbeuse;100;0;4;20;1;molinie;sphaignes;NA;NA;NA;0;NA;NA;NA;NA;NA;NA;NA;NA;NA
RNM;peripherique;09/09/2021;4;5;AGB;AG;LuD;SP;CZ;P46;vegetation_non_tourbeuse;100;0;4;20;1;molinie;NA;NA;NA;NA;0;NA;NA;NA;NA;NA;NA;NA;NA;NA
RNM;peripherique;09/09/2021;4;3;AGB;SP;CZ;NA;NA;P49;vegetation_non_tourbeuse;100;0;5;15;1;molinie;NA;NA;NA;NA;0;NA;NA;NA;NA;NA;NA;NA;NA;NA
RNM;peripherique;09/09/2021;4;3;AGB;SP;CZ;NA;NA;P39;tremblant;100;01-oct;5;15;1;joncs;NA;NA;NA;5;0;1 aeschne bleue en vol;NA;NA;NA;NA;NA;NA;NA;NA
RNM;peripherique;09/09/2021;4;2;AGB;CZ;NA;NA;NA;P19;tourbiere_erodee;100;0;10;20;0;NA;NA;NA;NA;NA;0;NA;NA;NA;NA;NA;NA;NA;NA;NA
RNM;peripherique;09/09/2021;4;2;AGB;CZ;NA;NA;NA;P9;eau_libre;100;0;10;20;0;NA;NA;NA;NA;NA;0;NA;NA;NA;NA;NA;NA;NA;NA;NA
RNM;peripherique;09/09/2021;4;2;AGB;CZ;NA;NA;NA;P28;tourbiere_haute;100;0;8;16;0;NA;NA;NA;NA;NA;0;NA;NA;NA;NA;NA;NA;NA;NA;NA
RNM;peripherique;09/09/2021;4;2;AGB;CZ;NA;NA;NA;P29;tourbiere_haute;100;0;7;14;0;NA;NA;NA;NA;NA;0;1 aeschne aux ailes fumées/bronze;NA;NA;NA;NA;NA;NA;NA;NA
RNM;peripherique;06/09/2021;4;3;AGB;AG;CJ;NA;NA;P2;eau_libre;90;100;6,2;19;1;sphaignes;linaigrette;NA;NA;40;1;NA;1;0;aeshna subarctica;femelle;AGB;NA;NA;NA
RNM;peripherique;06/09/2021;4;3;AGB;AG;CJ;NA;NA;P3;eau_libre;100;100;6,04;18,12;1;carex;joncs;NA;NA;20;1;NA;4;0;aeshna cyanea;femelle;AGB;NA;NA;NA
RNM;peripherique;06/09/2021;4;3;AGB;AG;CJ;NA;NA;P3;eau_libre;100;100;6,04;18,12;1;carex;joncs;NA;NA;20;1;NA;7;0;aeshna cyanea;male;AGB;NA;NA;NA
RNM;peripherique;06/09/2021;4;3;AGB;AG;CJ;NA;NA;P3;eau_libre;100;100;6,04;18,12;1;carex;joncs;NA;NA;20;1;NA;1;0;aeshna sp;NA;AGB;NA;NA;NA
RNM;peripherique;06/09/2021;4;3;AGB;AG;CJ;NA;NA;P1;eau_libre;90;100;6;18;1;linaigrette;NA;NA;NA;13;0;NA;NA;NA;NA;NA;NA;NA;NA;NA
RNM;peripherique;06/09/2021;4;3;AGB;AG;CJ;NA;NA;P0;eau_libre;100;100;6;18;1;sphaignes;comaret;molinie;trefle_d_eau;23;0;NA;NA;NA;NA;NA;NA;NA;NA;NA
RNM;peripherique;06/09/2021;4;3;AGB;AG;CJ;NA;NA;P30;tremblant;60;10;6;18;1;sphaignes;carex;NA;NA;11;0;NA;NA;NA;NA;NA;NA;NA;NA;NA
RNM;peripherique;06/09/2021;4;1;AGB;NA;NA;NA;NA;P4;eau_libre;30;30;5,4;5,4;0;NA;NA;NA;NA;9;0;Piétinnement par animaux, placette perturbée;NA;NA;NA;NA;NA;NA;NA;NA
RNM;peripherique;06/09/2021;4;1;AG;NA;NA;NA;NA;P6;eau_libre;15;15;5,4;5,4;1;joncs;NA;NA;NA;12;0;Piétinnement par animaux, placette perturbée;NA;NA;NA;NA;NA;NA;NA;NA
RNM;peripherique;06/09/2021;4;1;CJ;NA;NA;NA;NA;P5;eau_libre;5;5;5,4;5,4;0;NA;NA;NA;NA;0,5;0;NA;NA;NA;NA;NA;NA;NA;NA;NA
RNM;peripherique;06/09/2021;4;3;AGB;AG;CJ;NA;NA;P34;tremblant;100;0;5,4;17;0;NA;NA;NA;NA;0;0;NA;NA;NA;NA;NA;NA;NA;NA;NA
RNM;peripherique;06/09/2021;4;3;AGB;AG;CJ;NA;NA;P35;tremblant;80;0;5,1;15,3;0;NA;NA;NA;NA;NA;0;NA;NA;NA;NA;NA;NA;NA;NA;NA
RNM;peripherique;06/09/2021;4;3;AGB;AG;CJ;NA;NA;P36;tremblant;80;10;5;15;1;luzule;bryophytes;NA;NA;8;0;NA;NA;NA;NA;NA;NA;NA;NA;NA
RNM;peripherique;06/09/2021;4;2;AGB;AG;NA;NA;NA;P37;tremblant;90;5;8,1;16,2;1;bryophytes;graminees;NA;NA;5,5;0;NA;NA;NA;NA;NA;NA;NA;NA;NA
RNM;peripherique;06/09/2021;4;2;AGB;AG;NA;NA;NA;P38;tremblant;95;0;8;16;0;NA;NA;NA;NA;NA;0;NA;NA;NA;NA;NA;NA;NA;NA;NA
RNM;peripherique;06/09/2021;4;2;AGB;AG;NA;NA;NA;P33;tremblant;95;0;8;16;0;NA;NA;NA;NA;NA;0;NA;NA;NA;NA;NA;NA;NA;NA;NA
RNM;peripherique;06/09/2021;4;2;AGB;AG;NA;NA;NA;P32;tremblant;95;0;8;16;0;NA;NA;NA;NA;NA;0;NA;NA;NA;NA;NA;NA;NA;NA;NA
