site;secteur;date;passage;nombre_observateurs;observateur_1;observateur_2;observateur_3;observateur_4;placette;habitat_predominant;pourcentage_habitat_predominant;surface_eau_libre;Temps_recolte_par_personne_min;temps_total_prospection_min;helophytes;helophytes_1;helophytes_2;helophytes_3;helophytes_4;Profondeur_eau_cm;exuvies;remarque;nombre_exuvies_anisopteres;nombre_exuvies_zygopteres;espece;sexe;determinateur;verification_hors_PNR;nenuphar;exuvies_sur_nenuphar
RNM;central;15/06/2021;1;3;AW;AG;AGB;NA;C0;eau_libre;100;91-100;6,66;20;1;scheuchzerie;carex;linaigrette;NA;200;1;NA;0;4;zygoptere;indetermine;AGB_JCD;NA;0;0
RNM;central;15/06/2021;1;3;AW;AG;AGB;NA;C0;eau_libre;100;91-100;6,66;20;1;scheuchzerie;carex;linaigrette;NA;200;1;NA;7;0;cordulia_aenea;indetermine;AGB_JCD;NA;0;0
RNM;central;15/06/2021;1;3;AW;AG;AGB;NA;C0;eau_libre;100;91-100;6,66;20;1;scheuchzerie;carex;linaigrette;NA;200;1;NA;1;0;leucorrhinia_dubia;indetermine;AGB_JCD;NA;0;0
RNM;central;15/06/2021;1;3;AW;AG;AGB;NA;C01;eau_libre;100;91-100;6,66;20;1;scheuchzerie;trefle_d_eau;NA;NA;200;1;NA;0;11;zygoptere;indetermine;AGB_JCD;NA;0;0
RNM;central;15/06/2021;1;3;AW;AG;AGB;NA;C01;eau_libre;100;91-100;6,66;20;1;scheuchzerie;trefle_d_eau;NA;NA;200;1;NA;1;0;leucorrhinia_dubia;indetermine;AGB_JCD;NA;0;0
RNM;central;15/06/2021;1;3;AW;AG;AGB;NA;C01;eau_libre;100;91-100;6,66;20;1;scheuchzerie;trefle_d_eau;NA;NA;200;1;NA;1;0;libellula_quadrimaculata;indetermine;AGB_JCD;NA;0;0
RNM;central;15/06/2021;1;3;AW;AG;AGB;NA;C02;eau_libre;100;91-100;6,66;20;1;scheuchzerie;trefle_d_eau;NA;NA;200;1;NA;0;20;zygoptere;indetermine;AGB_JCD;NA;1;1
RNM;central;15/06/2021;1;3;AW;AG;AGB;NA;C02;eau_libre;100;91-100;6,66;20;1;scheuchzerie;trefle_d_eau;NA;NA;200;1;NA;4;0;cordulia_aenea;indetermine;AGB_JCD;NA;1;1
RNM;central;15/06/2021;1;4;AW;AG;AGB;JCD;C03;eau_libre;100;91-100;5;20;1;scheuchzerie;trefle_d_eau;NA;NA;200;1;NA;0;2;zygoptere;indetermine;AGB_JCD;NA;1;1
RNM;central;15/06/2021;1;4;AW;AG;AGB;JCD;C03;eau_libre;100;91-100;5;20;1;scheuchzerie;trefle_d_eau;NA;NA;200;1;NA;4;0;cordulia_aenea;indetermine;AGB_JCD;NA;1;1
RNM;central;15/06/2021;1;4;AW;AG;AGB;JCD;C03;eau_libre;100;91-100;5;20;1;scheuchzerie;trefle_d_eau;NA;NA;200;1;NA;10;0;leucorrhinia_dubia;indetermine;AGB_JCD;Romain_Decoin_Catherine_Genin_RNN_Remoray;1;1
RNM;central;15/06/2021;1;4;AW;AG;AGB;JCD;C04;eau_libre;100;91-100;5;20;1;trefle_d_eau;NA;NA;NA;200;1;NA;0;10;zygoptere;indetermine;AGB_JCD;NA;1;1
RNM;central;15/06/2021;1;4;AW;AG;AGB;JCD;C04;eau_libre;100;91-100;5;20;1;trefle_d_eau;NA;NA;NA;200;1;NA;1;0;cordulia_aenea;indetermine;AGB_JCD;NA;1;1
RNM;central;15/06/2021;1;4;AW;AG;AGB;JCD;C05;eau_libre;100;81-90;5;20;1;scheuchzerie;trefle_d_eau;NA;NA;200;1;NA;0;3;zygoptere;indetermine;AGB_JCD;NA;0;0
RNM;central;15/06/2021;1;4;AW;AG;AGB;JCD;C05;eau_libre;100;81-90;5;20;1;scheuchzerie;trefle_d_eau;NA;NA;200;1;NA;1;0;cordulia_aenea;indetermine;AGB_JCD;NA;0;0
RNM;central;15/06/2021;1;4;AW;AG;AGB;JCD;C05;eau_libre;100;81-90;5;20;1;scheuchzerie;trefle_d_eau;NA;NA;200;1;NA;4;0;leucorrhinia_dubia;indetermine;AGB_JCD;NA;0;0
RNM;central;15/06/2021;1;4;AW;AG;AGB;JCD;C05;eau_libre;100;81-90;5;20;1;scheuchzerie;trefle_d_eau;NA;NA;200;1;NA;2;0;libellulaellulidae_indetermine;indetermine;AGB_JCD;NA;0;0
RNM;central;15/06/2021;1;3;AW;AG;AGB;NA;C06;eau_libre;100;91-100;6,66;20;1;scheuchzerie;trefle_d_eau;andromede;NA;200;1;NA;0;4;zygoptere;indetermine;AGB_JCD;NA;1;1
RNM;central;15/06/2021;1;3;AW;AG;AGB;NA;C06;eau_libre;100;91-100;6,66;20;1;scheuchzerie;trefle_d_eau;andromede;NA;200;1;NA;5;0;cordulia_aenea;indetermine;AGB_JCD;NA;1;1
RNM;central;15/06/2021;1;3;AW;AG;AGB;NA;C07;eau_libre;100;91-100;6,66;20;1;andromede;NA;NA;NA;200;1;NA;0;5;zygoptere;indetermine;AGB_JCD;NA;1;1
RNM;central;15/06/2021;1;3;AW;AG;AGB;NA;C07;eau_libre;100;91-100;6,66;20;1;andromede;NA;NA;NA;200;1;NA;4;0;cordulia_aenea;indetermine;AGB_JCD;NA;1;1
RNM;central;15/06/2021;1;3;AW;AG;AGB;NA;C07;eau_libre;100;91-100;6,66;20;1;andromede;NA;NA;NA;200;1;NA;1;0;libellula_quadrimaculata;indetermine;AGB_JCD;NA;1;1
RNM;central;15/06/2021;1;3;AW;AG;AGB;NA;C07;eau_libre;100;91-100;6,66;20;1;andromede;NA;NA;NA;200;1;NA;1;0;leucorrhinia_dubia;indetermine;AGB_JCD;NA;1;1
RNM;central;15/06/2021;1;3;AW;AG;AGB;NA;C07;eau_libre;100;91-100;6,66;20;1;andromede;NA;NA;NA;200;1;NA;1;0;leucorrhinia_dubia;indetermine;AGB_JCD;Romain_Decoin_Catherine_Genin_RNN_Remoray;1;1
RNM;central;16/06/2021;1;2;FDI;AGB;NA;NA;C08;eau_libre;100;61-70;10;20;1;preles;trefle_d_eau;sphaignes;NA;75;1;NA;0;44;zygoptere;indetermine;AGB_JCD;NA;0;0
RNM;central;16/06/2021;1;2;FDI;AGB;NA;NA;C08;eau_libre;100;61-70;10;20;1;preles;trefle_d_eau;sphaignes;NA;75;1;NA;1;0;aeshna_cyanea;male;AGB_JCD;NA;0;0
RNM;central;16/06/2021;1;2;JCD;AW;NA;NA;C09;eau_libre;50;41-50;8;16;1;joncs;NA;NA;NA;100;1;NA;0;26;zygoptere;indetermine;AGB_JCD;NA;0;0
RNM;central;16/06/2021;1;2;MG;AG;NA;NA;C10;tourbiere_erodee;70;0;10;20;1;scheuchzerie;trefle_d_eau;NA;NA;NA;0;NA;0;0;NA;indetermine;NA;NA;0;0
RNM;central;16/06/2021;1;2;FDI;AGB;NA;NA;C11;tourbiere_erodee;75;0;10;20;0;NA;NA;NA;NA;NA;0;NA;0;0;NA;indetermine;NA;NA;0;0
RNM;central;16/06/2021;1;2;MG;AG;NA;NA;C12;tourbiere_erodee;75;0;10;20;1;scheuchzerie;lycopode;droserass;NA;NA;1;NA;1;0;leucorrhinia_dubia;indetermine;AGB_JCD;NA;0;0
RNM;central;16/06/2021;1;2;JCD;AW;NA;NA;C13;tourbiere_erodee;50;0;10;20;1;scheuchzerie;NA;NA;NA;NA;1;NA;1;0;somatochlora_arctica;indetermine;AGB_JCD;Romain_Decoin_Catherine_Genin_RNN_Remoray;0;0
RNM;central;16/06/2021;1;2;FDI;AGB;NA;NA;C14;tourbiere_erodee;100;01-oct;10;20;1;carex;NA;NA;NA;2;0;NA;0;0;NA;indetermine;NA;NA;0;0
RNM;central;18/06/2021;1;1;AG;NA;NA;NA;C15;tourbiere_erodee;80;nov-20;17;17;1;carex;molinie;NA;NA;25;0;20%_eau_libre;0;0;NA;indetermine;NA;NA;0;0
RNM;central;16/06/2021;1;2;MG;AG;NA;NA;C16;tourbiere_erodee;87;0;10;20;0;NA;NA;NA;NA;NA;0;NA;0;0;NA;indetermine;NA;NA;0;0
RNM;central;16/06/2021;1;2;JCD;AW;NA;NA;C17;tourbiere_erodee;80;01-oct;10;20;0;NA;NA;NA;NA;5;0;NA;0;0;NA;indetermine;NA;NA;0;0
RNM;central;16/06/2021;1;2;MG;AG;NA;NA;C18;tourbiere_erodee;100;0;10;20;1;scheuchzerie;NA;NA;NA;NA;0;NA;0;0;NA;indetermine;NA;NA;0;0
RNM;central;16/06/2021;1;2;MG;AG;NA;NA;C19;tourbiere_erodee;80;0;10;20;1;scheuchzerie;molinie;NA;NA;NA;0;NA;0;0;NA;indetermine;NA;NA;0;0
RNM;central;16/06/2021;1;2;FDI;AGB;NA;NA;C20;tourbiere_haute;100;0;10;20;0;NA;NA;NA;NA;NA;0;NA;0;0;NA;indetermine;NA;NA;0;0
RNM;central;16/06/2021;1;2;FDI;AGB;NA;NA;C21;tourbiere_haute;100;0;10;20;0;NA;NA;NA;NA;NA;0;NA;0;0;NA;indetermine;NA;NA;0;0
RNM;central;16/06/2021;1;2;FDI;AGB;NA;NA;C22;tourbiere_haute;100;0;10;20;0;NA;NA;NA;NA;NA;0;NA;0;0;NA;indetermine;NA;NA;0;0
RNM;central;16/06/2021;1;2;MG;AG;NA;NA;C23;tourbiere_haute;100;0;10;20;1;canneberge;molinie;linaigrette;NA;NA;0;Canneberge en fleur;0;0;NA;indetermine;NA;NA;0;0
RNM;central;16/06/2021;1;2;JCD;AW;NA;NA;C24;tourbiere_haute;90;0;7,5;15;0;NA;NA;NA;NA;NA;0;Carex, Callune;0;0;NA;indetermine;NA;NA;0;0
RNM;central;16/06/2021;1;2;MG;AG;NA;NA;C25;tourbiere_haute;100;0;10;20;1;molinie;NA;NA;NA;NA;0;NA;0;0;NA;indetermine;NA;NA;0;0
RNM;central;16/06/2021;1;2;FDI;AGB;NA;NA;C26;tourbiere_haute;100;0;10;20;0;NA;NA;NA;NA;NA;0;NA;0;0;NA;indetermine;NA;NA;0;0
RNM;central;16/06/2021;1;2;FDI;AGB;NA;NA;C27;tourbiere_haute;100;0;10;20;0;NA;NA;NA;NA;NA;1;NA;1;2;NA;indetermine;NA;NA;0;0
RNM;central;16/06/2021;1;2;JCD;AW;NA;NA;C28;tourbiere_haute;90;0;10;20;0;NA;NA;NA;NA;NA;0;Mytrilles des marais;0;0;NA;indetermine;NA;NA;0;0
RNM;central;16/06/2021;1;2;JCD;AW;NA;NA;C29;tourbiere_haute;100;0;7,5;15;0;NA;NA;NA;NA;NA;0;NA;0;0;NA;indetermine;NA;NA;0;0
RNM;central;16/06/2021;1;2;JCD;AW;NA;NA;C30;tremblant;50;01-oct;10;20;1;scheuchzerie;NA;NA;NA;0;1;NA;2;0;somatochlora_arctica;indetermine;AGB_JCD;NA;0;0
RNM;central;16/06/2021;1;2;JCD;AW;NA;NA;C31;tremblant;50;0;10;20;1;scheuchzerie;carex;NA;NA;NA;1;NA;1;0;somatochlora_arctica;indetermine;AGB_JCD;NA;0;0
RNM;central;16/06/2021;1;2;FDI;AGB;NA;NA;C32;tremblant;100;61-70;10;20;1;scheuchzerie;sphaignes;NA;NA;16;1;60% eau libre;1;1;NA;indetermine;NA;NA;0;0
RNM;central;16/06/2021;1;2;JCD;AW;NA;NA;C33;tremblant;50;01-oct;10;20;1;scheuchzerie;NA;NA;NA;10;1;NA;2;0;leucorrhinia_dubia;indetermine;AGB_JCD;NA;0;0
RNM;central;16/06/2021;1;2;JCD;AW;NA;NA;C33;tremblant;50;01-oct;10;20;1;scheuchzerie;NA;NA;NA;10;1;NA;2;0;aeshna_juncea;indetermine;AGB_JCD;Romain_Decoin_Catherine_Genin_RNN_Remoray;0;0
RNM;central;16/06/2021;1;2;JCD;AW;NA;NA;C34;tremblant;50;01-oct;10;20;1;scheuchzerie;carex;NA;NA;10;1;NA;1;0;somatochlora_arctica;indetermine;AGB_JCD;NA;0;0
RNM;central;16/06/2021;1;2;MG;AG;NA;NA;C35;tremblant;100;31-40;10;20;1;scheuchzerie;andromede;NA;NA;15;1;NA;1;0;aeschnide;femelle;AGB_JCD;NA;0;0
RNM;central;16/06/2021;1;2;MG;AG;NA;NA;C35;tremblant;100;31-40;10;20;1;scheuchzerie;andromede;NA;NA;15;1;NA;1;0;cordulia_aenea;indetermine;AGB_JCD;NA;0;0
RNM;central;16/06/2021;1;2;MG;AG;NA;NA;C35;tremblant;100;31-40;10;20;1;scheuchzerie;andromede;NA;NA;15;1;NA;2;0;libellula_quadrimaculata;indetermine;AGB_JCD;NA;0;0
RNM;central;16/06/2021;1;2;MG;AG;NA;NA;C35;tremblant;100;31-40;10;20;1;scheuchzerie;andromede;NA;NA;15;1;NA;2;0;leucorrhinia_dubia;indetermine;AGB_JCD;NA;0;0
RNM;central;16/06/2021;1;2;JCD;AW;NA;NA;C36;tremblant;65;01-oct;10;20;1;scheuchzerie;NA;NA;NA;100;1;NA;4;0;zygoptere;indetermine;AGB_JCD;NA;1;1
RNM;central;16/06/2021;1;2;JCD;AW;NA;NA;C36;tremblant;65;01-oct;10;20;1;scheuchzerie;NA;NA;NA;100;1;NA;4;0;cordulia_aenea;indetermine;AGB_JCD;NA;1;1
RNM;central;16/06/2021;1;2;JCD;AW;NA;NA;C36;tremblant;65;01-oct;10;20;1;scheuchzerie;NA;NA;NA;100;1;NA;1;0;libellula_quadrimaculata;indetermine;AGB_JCD;NA;1;1
RNM;central;16/06/2021;1;2;MG;AG;NA;NA;C37;tremblant;99;0;10;20;1;scheuchzerie;NA;NA;NA;NA;1;NA;1;0;libellula_quadrimaculata;indetermine;AGB_JCD;NA;0;0
RNM;central;16/06/2021;1;2;MG;AG;NA;NA;C38;tremblant;100;0;10;20;1;scheuchzerie;andromede;NA;NA;NA;0;NA;0;0;NA;indetermine;NA;NA;0;0
RNM;central;16/06/2021;1;2;FD;AGB;NA;NA;C39;tremblant;80;01-oct;10;20;1;scheuchzerie;sphaignes;NA;NA;4,5;1;NA;0;1;zygoptere;indetermine;AGB_JCD;NA;0;0
RNM;central;16/06/2021;1;2;FD;AGB;NA;NA;C39;tremblant;80;01-oct;10;20;1;scheuchzerie;sphaignes;NA;NA;4,5;1;NA;1;0;somatochlora_arctica;indetermine;AGB_JCD;NA;0;0
RNM;central;16/06/2021;1;2;JCD;AW;NA;NA;C40;vegetation_non_tourbeuse;100;0;10;20;0;NA;NA;NA;NA;NA;0;NA;0;0;NA;indetermine;NA;NA;0;0
RNM;central;16/06/2021;1;2;FDI;AGB;NA;NA;C41;vegetation_non_tourbeuse;100;0;10;20;0;NA;NA;NA;NA;NA;0;NA;0;0;NA;indetermine;NA;NA;0;0
RNM;central;16/06/2021;1;2;MG;AG;NA;NA;C42;vegetation_non_tourbeuse;100;0;10;20;1;molinie;NA;NA;NA;NA;0;NA;0;0;NA;indetermine;NA;NA;0;0
RNM;central;16/06/2021;1;2;JCD;AW;NA;NA;C43;vegetation_non_tourbeuse;100;0;10;20;0;NA;NA;NA;NA;NA;0;NA;0;0;NA;indetermine;NA;NA;0;0
RNM;central;18/06/2021;1;1;AG;NA;NA;NA;C44;vegetation_non_tourbeuse;100;0;12,5;12,5;0;NA;NA;NA;NA;NA;0;NA;0;0;NA;indetermine;NA;NA;0;0
RNM;central;16/06/2021;1;2;FD;AGB;NA;NA;C45;vegetation_non_tourbeuse;100;0;10;20;0;NA;NA;NA;NA;NA;0;NA;0;0;NA;indetermine;NA;NA;0;0
RNM;central;16/06/2021;1;1;FDi;NA;NA;NA;C46;vegetation_non_tourbeuse;100;51-30;15;15;1;preles;carex;NA;NA;13;0;NA;0;0;NA;indetermine;NA;NA;0;0
RNM;central;16/06/2021;1;2;MG;AG;NA;NA;C47;vegetation_non_tourbeuse;100;01-oct;10;20;0;NA;NA;NA;NA;4;0;Eau seulement entre les touradons où on a posé les pieds;0;0;NA;indetermine;NA;NA;0;0
RNM;central;16/06/2021;1;2;MG;AG;NA;NA;C48;vegetation_non_tourbeuse;95;0;10;20;1;molinie;NA;NA;NA;NA;0;NA;0;0;NA;indetermine;NA;NA;0;0
RNM;central;16/06/2021;1;2;JCD;AW;NA;NA;C49;vegetation_non_tourbeuse;100;0;7,5;15;0;NA;NA;NA;NA;NA;0;NA;0;0;NA;indetermine;NA;NA;0;0
RNM;peripherique;17/06/2021;1;3;AW;AG;KJ;NA;P0;eau_libre;90;100;6,5;19,5;1;molinie;carex;comaret;NA;3;0;NA;0;0;NA;indetermine;NA;NA;0;0
RNM;peripherique;17/06/2021;1;3;AW;AG;KJ;NA;P01;tourbiere_erodee;90;81-90;5;15;1;carex;NA;NA;NA;10;0;90%_eau_libre;0;0;NA;indetermine;NA;NA;0;0
RNM;peripherique;17/06/2021;1;3;AW;AG;KJ;NA;P02;eau_libre;90;81-90;6,5;19,5;1;linaigrette;carex;NA;NA;15;0;3 Tritons,90%_eau_libre;0;0;NA;indetermine;NA;NA;0;0
RNM;peripherique;17/06/2021;1;3;AW;AG;KJ;NA;P03;eau_libre;80;71-80;5,5;16,5;1;molinie;carex;NA;NA;30;0;80%_eau_libre;0;0;NA;indetermine;NA;NA;0;0
RNM;peripherique;17/06/2021;1;1;AW;NA;NA;NA;P04;eau_libre;25;81-90;10;10;1;scheuchzerie;NA;NA;NA;5;0;Ponte femelle libellula depressa;0;0;NA;indetermine;NA;NA;0;0
RNM;peripherique;17/06/2021;1;1;AG;NA;NA;NA;P05;eau_libre;25;61-70;10;10;1;NA;NA;NA;NA;0;0;70%_eau_libre, Litiere feuilles mortes;0;0;NA;indetermine;NA;NA;0;0
RNM;peripherique;17/06/2021;1;1;JCD;NA;NA;NA;P06;eau_libre;25;01-oct;10;10;0;NA;NA;NA;NA;6;0;Mare temporaire entretenue par le gibier;0;0;NA;indetermine;NA;NA;0;0
RNM;peripherique;17/06/2021;1;2;AGB;CJ;NA;NA;P07;eau_libre;100;0;10;20;1;molinie;NA;NA;NA;NA;0;A sec;0;0;NA;indetermine;NA;NA;0;0
RNM;peripherique;17/06/2021;1;2;CI;AGB;NA;NA;P08;eau_libre;100;01-oct;10;20;1;linaigrette;carex;NA;NA;0;0;NA;0;0;NA;indetermine;NA;NA;0;0
RNM;peripherique;17/06/2021;1;3;AW;AG;KJ;NA;P09;eau_libre;95;91-100;6,33;20;1;molinie;NA;NA;NA;15;0;NA;0;0;NA;indetermine;NA;NA;0;0
RNM;peripherique;17/06/2021;1;3;AW;AG;KJ;NA;P10;tourbiere_erodee;70;0;5;15;0;NA;NA;NA;NA;NA;0;NA;0;0;NA;indetermine;NA;NA;0;0
RNM;peripherique;17/06/2021;1;3;AW;AG;KJ;NA;P11;tourbiere_erodee;NA;0;5;15;0;NA;NA;NA;NA;NA;0;Pédonculaire des bois;0;0;NA;indetermine;NA;NA;0;0
RNM;peripherique;17/06/2021;1;3;AW;AG;KJ;NA;P12;tourbiere_erodee;65;0;4,5;13,5;1;carex;molinie;NA;NA;NA;0;NA;0;0;NA;indetermine;NA;NA;0;0
RNM;peripherique;17/06/2021;1;4;AW;AG;AGB;JCD;P13;tourbiere_erodee;100;0;5;20;0;NA;NA;NA;NA;NA;0;NA;0;0;NA;indetermine;NA;NA;0;0
RNM;peripherique;17/06/2021;1;4;AW;AG;AGB;JCD;P14;tourbiere_erodee;100;0;5;20;1;carex;NA;NA;NA;NA;0;NA;0;0;NA;indetermine;NA;NA;0;0
RNM;peripherique;17/06/2021;1;4;AW;AG;AGB;JCD;P15;tourbiere_erodee;100;0;5;20;0;NA;NA;NA;NA;NA;0;Carex, Molinie;0;0;NA;indetermine;NA;NA;0;0
RNM;peripherique;17/06/2021;1;2;AGB;JCD;NA;NA;P16;tourbiere_erodee;100;01-oct;10;20;1;sphaignes;NA;NA;NA;5;0;NA;0;0;NA;indetermine;NA;NA;0;0
RNM;peripherique;17/06/2021;1;2;AG;AW;NA;NA;P17;tourbiere_erodee;100;0;9;18;0;NA;NA;NA;NA;NA;0;NA;0;0;NA;indetermine;NA;NA;0;0
RNM;peripherique;17/06/2021;1;4;AW;AG;AGB;JCD;P18;tourbiere_erodee;90;0;5;20;0;NA;NA;NA;NA;NA;0;Carex Nigra, Sphaignes, Zone sèche à cause du chemin;0;0;NA;indetermine;NA;NA;0;0
RNM;peripherique;17/06/2021;1;3;AW;AG;KJ;NA;P19;tourbiere_erodee;100;0;5,5;16,5;1;linaigrette;molinie;NA;NA;NA;0;NA;0;0;NA;indetermine;NA;NA;0;0
RNM;peripherique;17/06/2021;1;3;AW;AG;KJ;NA;P20;tourbiere_haute;100;0;5;15;0;NA;NA;NA;NA;NA;0;NA;0;0;NA;indetermine;NA;NA;0;0
RNM;peripherique;17/06/2021;1;3;AW;AG;KJ;NA;P21;tourbiere_haute;100;0;5;15;0;NA;NA;NA;NA;NA;0;NA;0;0;NA;indetermine;NA;NA;0;0
RNM;peripherique;17/06/2021;1;2;AG;AW;NA;NA;P22;tourbiere_haute;100;0;10;20;1;molinie;myrtille;NA;NA;NA;0;NA;0;0;NA;indetermine;NA;NA;0;0
RNM;peripherique;17/06/2021;1;2;AG;AW;NA;NA;P23;tourbiere_haute;100;0;8;16;1;linaigrette;molinie;myrtille;NA;NA;0;NA;0;0;NA;indetermine;NA;NA;0;0
RNM;peripherique;17/06/2021;1;2;AG;AW;NA;NA;P24;tourbiere_haute;100;0;8;16;1;canneberge;molinie;myrtille;NA;NA;0;NA;0;0;NA;indetermine;NA;NA;0;0
RNM;peripherique;17/06/2021;1;3;CJ;AGB;CI;NA;P25;tourbiere_haute;100;0;5;15;0;NA;NA;NA;NA;NA;0;NA;0;0;NA;indetermine;NA;NA;0;0
RNM;peripherique;17/06/2021;1;3;CJ;AGB;CI;NA;P26;tourbiere_haute;100;0;5;15;0;NA;NA;NA;NA;NA;0;NA;0;0;NA;indetermine;NA;NA;0;0
RNM;peripherique;17/06/2021;1;3;CJ;AGB;CI;NA;P27;tourbiere_haute;100;0;5;15;0;NA;NA;NA;NA;NA;0;NA;0;0;NA;indetermine;NA;NA;0;0
RNM;peripherique;17/06/2021;1;3;CJ;AGB;CI;NA;P28;tourbiere_haute;100;0;5;15;0;NA;NA;NA;NA;NA;0;NA;0;0;NA;indetermine;NA;NA;0;0
RNM;peripherique;17/06/2021;1;3;CJ;AGB;CI;NA;P29;tourbiere_haute;100;0;5;15;0;NA;NA;NA;NA;NA;0;NA;0;0;NA;indetermine;NA;NA;0;0
RNM;peripherique;17/06/2021;1;3;AW;AG;KJ;NA;P30;tremblant;60;01-oct;6,5;19,5;1;molinie;carex;NA;NA;10;0;10%_eau_libre;0;0;NA;indetermine;NA;NA;0;0
RNM;peripherique;15/06/2021;1;3;AW;AG;AGB;NA;P31;tremblant;100;01-oct;6,5;19,5;1;fougere;molinie;NA;NA;0,5;0;NA;0;0;NA;indetermine;NA;NA;0;0
RNM;peripherique;17/06/2021;1;2;AGB;JCD;NA;NA;P32;tremblant;90;0;10;20;0;NA;NA;NA;NA;0;0;cours d'eau 5 cm;0;0;NA;indetermine;NA;NA;0;0
RNM;peripherique;17/06/2021;1;2;AGB;JCD;NA;NA;P33;tremblant;100;0;10;20;0;NA;NA;NA;NA;NA;0;NA;0;0;NA;indetermine;NA;NA;0;0
RNM;peripherique;17/06/2021;1;4;AW;AG;AGB;JCD;P34;tremblant;100;01-oct;5;20;1;violette_des_marais;carex;NA;NA;5;0;NA;0;0;NA;indetermine;NA;NA;0;0
RNM;peripherique;17/06/2021;1;1;AGB;NA;NA;NA;P35;tremblant;70;0;15;15;0;NA;NA;NA;NA;NA;0;NA;0;0;NA;indetermine;NA;NA;0;0
RNM;peripherique;17/06/2021;1;1;AG;NA;NA;NA;P36;tremblant;50;21-30;10;10;1;molinie;NA;NA;NA;2;0;NA;0;0;NA;indetermine;NA;NA;0;0
RNM;peripherique;17/06/2021;1;2;AGB;JCD;NA;NA;P37;tourbiere_erodee;95;nov-20;10;20;1;luzule;NA;NA;NA;6;0;NA;0;0;NA;indetermine;NA;NA;0;0
RNM;peripherique;17/06/2021;1;2;AG;AW;NA;NA;P38;tremblant;NA;0;10;20;1;molinie;NA;NA;NA;NA;0;NA;0;0;NA;indetermine;NA;NA;0;0
RNM;peripherique;17/06/2021;1;3;CJ;AGB;CI;NA;P39;vegetation_non_tourbeuse;100;51-60;6,66;20;0;NA;NA;NA;NA;5;0;NA;0;0;NA;indetermine;NA;NA;0;0
RNM;peripherique;17/06/2021;1;3;AW;AG;KJ;NA;P40;vegetation_non_tourbeuse;100;01-oct;5,5;16,5;0;carex;molinie;NA;NA;7;0;Petit trou d'eau de 8cm de diamètre;0;0;NA;indetermine;NA;NA;0;0
RNM;peripherique;15/06/2021;1;3;AW;AG;AGB;NA;P41;vegetation_non_tourbeuse;100;0;6,5;19,5;1;molinie;NA;NA;NA;NA;0;NA;0;0;NA;indetermine;NA;NA;0;0
RNM;peripherique;17/06/2021;1;2;AG;AW;NA;NA;P42;vegetation_non_tourbeuse;100;0;7;14;1;molinie;myrtille;NA;NA;NA;0;NA;0;0;NA;indetermine;NA;NA;0;0
RNM;peripherique;17/06/2021;1;2;AG;AW;NA;NA;P43;vegetation_non_tourbeuse;100;0;8;16;1;molinie;NA;NA;NA;NA;0;NA;0;0;NA;indetermine;NA;NA;0;0
RNM;peripherique;17/06/2021;1;3;CJ;AGB;CI;NA;P44;vegetation_non_tourbeuse;100;0;6,66;20;0;NA;NA;NA;NA;NA;0;NA;0;0;NA;indetermine;NA;NA;0;0
RNM;peripherique;17/06/2021;1;3;CJ;AGB;CI;NA;P45;vegetation_non_tourbeuse;100;0;5,5;16,5;0;NA;NA;NA;NA;NA;0;NA;0;0;NA;indetermine;NA;NA;0;0
RNM;peripherique;17/06/2021;1;3;CJ;AGB;CI;NA;P46;vegetation_non_tourbeuse;100;0;5;15;0;NA;NA;NA;NA;NA;0;NA;0;0;NA;indetermine;NA;NA;0;0
RNM;peripherique;17/06/2021;1;3;CJ;AGB;CI;NA;P47;vegetation_non_tourbeuse;100;0;5,5;16,5;0;NA;NA;NA;NA;NA;0;NA;0;0;NA;indetermine;NA;NA;0;0
RNM;peripherique;17/06/2021;1;3;CJ;AGB;CI;NA;P48;vegetation_non_tourbeuse;100;0;5;15;0;NA;NA;NA;NA;NA;0;NA;0;0;NA;indetermine;NA;NA;0;0
RNM;peripherique;17/06/2021;1;3;CJ;AGB;CI;NA;P49;vegetation_non_tourbeuse;100;0;5;15;0;NA;NA;NA;NA;NA;0;NA;0;0;NA;indetermine;NA;NA;0;0
RNM;central;29/07/2021;2;3;AGB;CJ;FB;NA;C0;eau_libre;100;100;6,66;20;1;scheuchzerie;carex;linaigrette;NA;200;1;NA;2;NA;cordulia_aenea;indetermine;AGB_JCD;NA;0;NA
RNM;central;29/07/2021;2;3;AGB;CJ;FB;NA;C0;eau_libre;100;100;6,66;20;1;scheuchzerie;carex;linaigrette;NA;200;1;NA;1;NA;aeshna_subarctica;femelle;AGB_JCD;NA;0;NA
RNM;central;29/07/2021;2;3;AGB;CJ;FB;NA;C0;eau_libre;100;100;6,66;20;1;scheuchzerie;carex;linaigrette;NA;200;1;NA;1;NA;aeshna_juncea;male;AGB_JCD;NA;0;NA
RNM;central;29/07/2021;2;2;AGB;LS;NA;NA;C01;eau_libre;100;100;10;20;1;scheuchzerie;carex;joncs;trefle_d_eau;200;1;L'exuvie était trop loin dans le lac pour pouvoir la récupérer ;1;NA;aeschnide;indetermine;AGB_JCD;NA;0;NA
RNM;central;29/07/2021;2;2;AGB;LS;NA;NA;C01;eau_libre;100;100;10;20;1;scheuchzerie;carex;joncs;trefle_d_eau;200;1;NA;1;NA;aeshna_cyanea;male;AGB_JCD;NA;0;NA
RNM;central;29/07/2021;2;3;AGB;CJ;FB;NA;C02;eau_libre;100;100;6,4;19,2;1;scheuchzerie;trefle_d_eau;NA;NA;200;1;NA;1;NA;aeshna_juncea;male;AGB_JCD;NA;0;NA
RNM;central;29/07/2021;2;3;JCD;AG;AW;NA;C03;eau_libre;100;100;6,4;19,2;1;lycopode;NA;NA;NA;200;0;NA;0;NA;NA;indetermine;NA;NA;0;NA
RNM;central;29/07/2021;2;3;JCD;AG;AW;NA;C04;eau_libre;100;100;6,4;19,2;1;trefle_d_eau;comaret;scheuchzerie;NA;200;0;NA;0;NA;NA;indetermine;NA;NA;0;NA
RNM;central;29/07/2021;2;3;JCD;AG;AW;NA;C05;eau_libre;100;100;6,4;19,2;1;scheuchzerie;lycopode;trefle_d_eau;NA;200;1;NA;1;NA;aeshna_juncea;femelle;AGB_JCD;NA;0;NA
RNM;central;29/07/2021;2;2;JCD;AG;NA;NA;C06;eau_libre;100;100;10;20;1;scheuchzerie;trefle_d_eau;andromede;NA;200;0;trefle d eau en fleur;0;NA;NA;indetermine;NA;NA;0;NA
RNM;central;29/07/2021;2;2;JCD;AG;NA;NA;C07;eau_libre;100;100;10;20;1;andromede;trefle_d_eau;lycopodes;NA;200;0;NA;0;NA;NA;indetermine;NA;NA;0;NA
RNM;central;29/07/2021;2;3;JCD;AG;AW;NA;C08;eau_libre;50;41-50;5;15;1;preles;trefle_d_eau;sphaignes;NA;75;1;NA;1;NA;aeshna_cyanea;femelle;AGB_JCD;NA;0;NA
RNM;central;29/07/2021;2;3;JCD;AG;AW;NA;C08;eau_libre;50;41-51;5;15;1;preles;trefle_d_eau;sphaignes;NA;75;1;NA;1;NA;aeshna_cyanea;male;AGB_JCD;NA;0;NA
RNM;central;29/07/2021;2;3;AGB;CJ;FB;NA;C09;eau_libre;60;91-100;5,5;16,5;1;trefle_d_eau;carex;NA;NA;50;0;NA;0;NA;NA;indetermine;NA;NA;0;NA
RNM;central;29/07/2021;2;3;AGB;CJ;FB;NA;C10;tourbiere_erodee;100;01-oct;5,5;16,5;1;trefle_d_eau;carex;NA;NA;0;1;1 Sympetrum danae adulte et 2 Libellula quadrimaculata, 10% eau libre;1;NA;sympetrum_danae;indetermine;AGB_JCD;En_cours_Remoray;0;NA
RNM;central;29/07/2021;2;3;JCD;AG;AW;NA;C11;tourbiere_erodee;70;0;5;15;0;NA;NA;NA;NA;NA;0;NA;0;NA;NA;indetermine;NA;NA;0;NA
RNM;central;29/07/2021;2;3;AGB;CJ;FB;NA;C12;tourbiere_erodee;80;0;5;15;0;NA;NA;NA;NA;NA;0;1 Crapaud commun;0;NA;NA;indetermine;NA;NA;0;NA
RNM;central;29/07/2021;2;3;JCD;AG;AW;NA;C13;tourbiere_erodee;60;0;5;15;0;NA;NA;NA;NA;NA;0;NA;0;NA;NA;indetermine;NA;NA;0;NA
RNM;central;29/07/2021;2;3;JCD;AG;AW;NA;C14;tourbiere_erodee;85;01-oct;5;15;1;molinie;NA;NA;NA;4;0;NA;0;NA;NA;indetermine;NA;NA;0;NA
RNM;central;29/07/2021;2;3;JCD;AG;AW;NA;C15;tourbiere_erodee;50;21-30;5;15;1;carex;molinie;NA;NA;15;0;NA;0;NA;NA;indetermine;NA;NA;0;NA
RNM;central;29/07/2021;2;3;AGB;CJ;FB;NA;C16;tourbiere_erodee;100;0;5,8;17,4;0;NA;NA;NA;NA;NA;1;Adulte Sympetrum Danae femelle capturé;1;NA;cordulegaster_bitentata;indetermine;AGB_JCD;En_cours_Remoray;0;NA
RNM;central;29/07/2021;2;3;AGB;CJ;FB;NA;C17;tourbiere_erodee;70;nov-20;5,6;16,7;0;NA;NA;NA;NA;7;0;NA;0;NA;NA;indetermine;NA;NA;0;NA
RNM;central;29/07/2021;2;3;AGB;CJ;FB;NA;C18;tourbiere_erodee;100;0;5,8;17,4;0;NA;NA;NA;NA;NA;0;NA;0;NA;NA;indetermine;NA;NA;0;NA
RNM;central;29/07/2021;2;3;AGB;CJ;FB;NA;C19;tourbiere_erodee;100;0;5;15;1;scheuchzerie;molinie;NA;NA;NA;0;NA;0;NA;NA;indetermine;NA;NA;0;NA
RNM;central;29/07/2021;2;3;AGB;CJ;FB;NA;C20;tourbiere_haute;100;0;5;15;0;NA;NA;NA;NA;NA;0;NA;0;NA;NA;indetermine;NA;NA;0;NA
RNM;central;29/07/2021;2;3;AGB;CJ;FB;NA;C21;tourbiere_haute;100;0;5;15;0;NA;NA;NA;NA;NA;0;NA;0;NA;NA;indetermine;NA;NA;0;NA
RNM;central;29/07/2021;2;3;JCD;AG;AW;NA;C22;tourbiere_haute;100;0;5,7;17,1;0;NA;NA;NA;NA;NA;0;NA;0;NA;NA;indetermine;NA;NA;0;NA
RNM;central;29/07/2021;2;3;AGB;CJ;FB;NA;C23;tourbiere_haute;100;0;5,2;15,5;0;NA;NA;NA;NA;NA;0;NA;0;NA;NA;indetermine;NA;NA;0;NA
RNM;central;29/07/2021;2;3;AGB;CJ;FB;NA;C24;tourbiere_haute;100;0;5,5;16,5;0;NA;NA;NA;NA;NA;0;NA;0;NA;NA;indetermine;NA;NA;0;NA
RNM;central;29/07/2021;2;3;AGB;CJ;FB;NA;C25;tourbiere_haute;100;0;5;15;0;NA;NA;NA;NA;NA;0;NA;0;NA;NA;indetermine;NA;NA;0;NA
RNM;central;29/07/2021;2;3;JCD;AG;AW;NA;C26;tourbiere_haute;100;0;5;15;0;NA;NA;NA;NA;NA;0;NA;0;NA;NA;indetermine;NA;NA;0;NA
RNM;central;29/07/2021;2;3;JCD;AG;AW;NA;C27;tourbiere_haute;100;0;5;15;0;NA;NA;NA;NA;NA;0;NA;0;NA;NA;indetermine;NA;NA;0;NA
RNM;central;29/07/2021;2;3;AGB;CJ;FB;NA;C28;tourbiere_haute;100;0;5;15;0;NA;NA;NA;NA;NA;0;NA;0;NA;NA;indetermine;NA;NA;0;NA
RNM;central;29/07/2021;2;3;AGB;CJ;FB;NA;C29;tourbiere_haute;100;0;7;21;0;NA;NA;NA;NA;NA;0;NA;0;NA;NA;indetermine;NA;NA;0;NA
RNM;central;29/07/2021;2;3;AGB;CJ;FB;NA;C30;tremblant;60;01-oct;6,25;18,75;1;scheuchzerie;sphaignes;NA;NA;5;1;NA;1;NA;leucorrhinia_dubia;indetermine;AGB_JCD;NA;0;NA
RNM;central;29/07/2021;2;3;AGB;CJ;FB;NA;C30;tremblant;60;01-oct;6,25;18,75;1;scheuchzerie;sphaignes;NA;NA;5;1;NA;1;NA;aeshna_subarctica;male;AGB_JCD;NA;0;NA
RNM;central;29/07/2021;2;3;AGB;CJ;FB;NA;C30;tremblant;60;01-oct;6,25;18,75;1;scheuchzerie;sphaignes;NA;NA;5;1;NA;1;NA;aeschnide;indetermine;AGB_JCD;En_cours_Remoray;0;NA
RNM;central;29/07/2021;2;3;JCD;AG;AW;NA;C31;tremblant;60;0;6,5;19,5;0;NA;NA;NA;NA;NA;1;NA;1;NA;aeshna_subarctica;femelle;AGB_JCD;NA;0;NA
RNM;central;29/07/2021;2;3;JCD;AG;AW;NA;C32;tremblant;100;0;6,3;19;0;NA;NA;NA;NA;NA;0;NA;0;NA;NA;indetermine;NA;NA;0;NA
RNM;central;29/07/2021;2;3;JCD;AG;AW;NA;C33;tremblant;70;01-oct;6;18;1;scheuchzerie;NA;NA;NA;3;0;NA;0;NA;NA;indetermine;NA;NA;0;NA
RNM;central;29/07/2021;2;3;JCD;AG;AW;NA;C34;tremblant;85;01-oct;6,3;19;1;scheuchzerie;carex;NA;NA;5;0;NA;0;NA;NA;indetermine;NA;NA;0;NA
RNM;central;29/07/2021;2;3;AGB;CJ;FB;NA;C35;tremblant;100;41-50;6,5;19,5;1;scheuchzerie;sphaignes;droseras;NA;20;1;NA;1;NA;somatochlora_arctica;indetermine;AGB_JCD;NA;0;NA
RNM;central;29/07/2021;2;3;AGB;CJ;FB;NA;C35;tremblant;100;41-50;6,5;19,5;1;scheuchzerie;sphaignes;droseras;NA;20;1;NA;1;NA;aeshna_juncea;indetermine;AGB_JCD;En_cours_Remoray;0;NA
RNM;central;29/07/2021;2;3;AGB;CJ;FB;NA;C35;tremblant;100;41-50;6,5;19,5;1;scheuchzerie;sphaignes;droseras;NA;20;1;NA;1;NA;aeschnide;indetermine;AGB_JCD;En_cours_Remoray;0;NA
RNM;central;29/07/2021;2;3;AGB;CJ;FB;NA;C35;tremblant;100;41-50;6,5;19,5;1;scheuchzerie;sphaignes;droseras;NA;20;1;NA;1;NA;aeshna_subarctica;femelle;AGB_JCD;NA;0;NA
RNM;central;29/07/2021;2;3;AW;AG;JCD;NA;C36;tremblant;70;nov-20;6,3;19;1;scheuchzerie;lycopode;NA;NA;100;1;NA;1;NA;aeshna_juncea;femelle;AGB_JCD;NA;0;NA
RNM;central;29/07/2021;2;3;AGB;CJ;FB;NA;C37;tremblant;50;0;3,5;11;0;NA;NA;NA;NA;NA;0;Eau sous les sphaignes;0;NA;NA;indetermine;NA;NA;0;NA
RNM;central;29/07/2021;2;3;AGB;CJ;FB;NA;C38;tremblant;90;0;5;15;0;NA;NA;NA;NA;NA;0;Eau sous les sphaignes;0;NA;NA;indetermine;NA;NA;0;NA
RNM;central;29/07/2021;2;3;AW;AG;JCD;NA;C39;tremblant;90;0;5;15;1;scheuchzerie;NA;NA;NA;NA;1;NA;1;NA;somatochlora_arctica;indetermine;AGB_JCD;NA;0;NA
RNM;central;29/07/2021;2;3;AGB;CJ;FB;NA;C40;vegetation_non_tourbeuse;100;0;5;15;0;NA;NA;NA;NA;NA;0;NA;0;NA;NA;indetermine;NA;NA;0;NA
RNM;central;29/07/2021;2;3;AW;AG;JCD;NA;C41;vegetation_non_tourbeuse;70;0;5;15;0;NA;NA;NA;NA;NA;0;NA;0;NA;NA;indetermine;NA;NA;0;NA
RNM;central;29/07/2021;2;3;AGB;CJ;FB;NA;C42;vegetation_non_tourbeuse;100;01-oct;5;15;0;NA;NA;NA;NA;0;0;Déplacé car non trouvé. Molinie très dense. 10% eau libre;0;NA;NA;indetermine;NA;NA;0;NA
RNM;central;29/07/2021;2;3;AW;AG;JCD;NA;C43;vegetation_non_tourbeuse;100;0;5;15;0;NA;NA;NA;NA;NA;0;NA;0;NA;NA;indetermine;NA;NA;0;NA
RNM;central;29/07/2021;2;3;AW;AG;JCD;NA;C44;vegetation_non_tourbeuse;100;0;5;15;0;NA;NA;NA;NA;NA;0;NA;0;NA;NA;indetermine;NA;NA;0;NA
RNM;central;29/07/2021;2;3;AW;AG;JCD;NA;C45;vegetation_non_tourbeuse;100;0;5;15;0;NA;NA;NA;NA;NA;0;NA;0;NA;NA;indetermine;NA;NA;0;NA
RNM;central;29/07/2021;2;4;CJ;FB;JCD;AGB;C46;vegetation_non_tourbeuse;100;0;5;15;0;NA;NA;NA;NA;NA;0;Déplacée sur chardons avec rubalise;0;NA;NA;indetermine;NA;NA;0;NA
RNM;central;29/07/2021;2;3;AW;AG;JCD;NA;C47;vegetation_non_tourbeuse;90;31-40;6,5;19,5;0;NA;NA;NA;NA;10;0;NA;0;NA;NA;indetermine;NA;NA;0;NA
RNM;central;29/07/2021;2;3;AGB;CJ;FB;NA;C48;vegetation_non_tourbeuse;95;0;5;15;0;NA;NA;NA;NA;NA;0;NA;0;NA;NA;indetermine;NA;NA;0;NA
RNM;central;29/07/2021;2;3;AGB;CJ;FB;NA;C49;vegetation_non_tourbeuse;100;0;5;15;0;NA;NA;NA;NA;NA;0;NA;0;NA;NA;indetermine;NA;NA;0;NA
RNM;peripherique;28/07/2021;2;4;JCD;AGB;FDI;AG;P0;eau_libre;100;100;5;20;1;comaret;sphaignes;NA;NA;27;0;Pleins de larves de tritons;0;NA;NA;indetermine;NA;NA;0;NA
RNM;peripherique;28/07/2021;2;4;JCD;AGB;FDI;AG;P01;tourbiere_erodee;90;81-92;5;20;1;linaigrette;sphaignes;NA;NA;18;0;NA;0;NA;NA;indetermine;NA;NA;0;NA
RNM;peripherique;28/07/2021;2;4;JCD;AGB;FDI;AG;P02;eau_libre;90;81-91;5;5;1;sphaignes;NA;NA;NA;18;1;NA;1;NA;aeshna_juncea;femelle;AGB_JCD;NA;0;NA
RNM;peripherique;28/07/2021;2;4;JCD;AGB;FDI;AG;P03;eau_libre;80;81-90;6;24;1;carex;sphaignes;NA;NA;29;1;NA;9;NA;aeshna_cyanea;male;AGB_JCD;NA;0;NA
RNM;peripherique;28/07/2021;2;4;JCD;AGB;FDI;AG;P03;eau_libre;80;81-90;6;24;1;carex;sphaignes;NA;NA;29;1;NA;10;NA;aeshna_cyanea;femelle;AGB_JCD;NA;0;NA
RNM;peripherique;28/07/2021;2;4;JCD;AGB;FDI;AG;P03;eau_libre;80;81-90;6;24;1;carex;sphaignes;NA;NA;29;1;NA;2;NA;aeshna_juncea;femelle;AGB_JCD;NA;0;NA
RNM;peripherique;30/07/2021;2;3;SP;VS;AGB;NA;P04;eau_libre;60;81-90;5;15;1;carex;sphaignes;NA;NA;7;0;90%_eau_libre;0;NA;NA;indetermine;NA;NA;0;NA
RNM;peripherique;30/07/2021;2;3;SP;VS;AGB;NA;P05;eau_libre;70;01-oct;5;15;1;carex;NA;NA;NA;3;0;NA;0;NA;NA;indetermine;NA;NA;0;NA
RNM;peripherique;30/07/2021;2;3;SP;VS;AGB;NA;P06;eau_libre;60;21-30;5;15;1;carex;NA;NA;NA;7;0;NA;0;NA;NA;indetermine;NA;NA;0;NA
RNM;peripherique;28/07/2021;2;2;AG;JCD;NA;NA;P07;eau_libre;100;nov-20;7,5;15;1;molinie;NA;NA;NA;5;0;NA;0;NA;NA;indetermine;NA;NA;0;NA
RNM;peripherique;28/07/2021;2;2;JCD;FDI;NA;NA;P08;eau_libre;100;01-oct;7,5;15;1;carex;linaigrette;NA;NA;15;0;NA;0;NA;NA;indetermine;NA;NA;0;NA
RNM;peripherique;28/07/2021;2;3;JCD;AG;FDI;NA;P09;eau_libre;95;91-100;5;15;1;molinie;carex;NA;NA;25;0;NA;0;NA;NA;indetermine;NA;NA;0;NA
RNM;peripherique;28/07/2021;2;4;JCD;AGB;FDI;AG;P10;tourbiere_erodee;90;21-30;5;15;1;linaigrette;carex;sphaignes;NA;3;0;NA;0;NA;NA;indetermine;NA;NA;0;NA
RNM;peripherique;28/07/2021;2;4;JCD;AGB;FDI;AG;P11;tourbiere_erodee;70;71-80;5;20;1;linaigrette;droseras;sphaignes;NA;5;0;NA;0;NA;NA;indetermine;NA;NA;0;NA
RNM;peripherique;28/07/2021;2;4;JCD;AGB;FDI;AG;P12;tourbiere_erodee;90;41-50;5;20;1;carex;sphaignes;molinie;NA;7;0;NA;0;NA;NA;indetermine;NA;NA;0;NA
RNM;peripherique;30/07/2021;2;3;LS;MV;JCD;NA;P13;tourbiere_erodee;90;0;5;15;0;NA;NA;NA;NA;NA;0;NA;0;NA;NA;indetermine;NA;NA;0;NA
RNM;peripherique;30/07/2021;2;3;LS;MV;JCD;NA;P14;tourbiere_erodee;100;0;5;15;0;NA;NA;NA;NA;NA;0;NA;0;NA;NA;indetermine;NA;NA;0;NA
RNM;peripherique;30/07/2021;2;3;SP;VS;AGB;NA;P15;tourbiere_erodee;100;0;6;18;0;NA;NA;NA;NA;NA;0;NA;0;NA;NA;indetermine;NA;NA;0;NA
RNM;peripherique;30/07/2021;2;2;LS;JCD;NA;NA;P16;tourbiere_erodee;100;21-30;7,5;15;1;sphaignes;molinie;NA;NA;3;0;NA;0;NA;NA;indetermine;NA;NA;0;NA
RNM;peripherique;30/07/2021;2;3;LS;MV;JCD;NA;P17;tourbiere_erodee;100;0;5;15;0;NA;NA;NA;NA;NA;0;NA;0;NA;NA;indetermine;NA;NA;0;NA
RNM;peripherique;30/07/2021;2;2;LS;JCD;NA;NA;P18;tourbiere_erodee;90;0;7,5;15;0;NA;NA;NA;NA;NA;0;NA;0;NA;NA;indetermine;NA;NA;0;NA
RNM;peripherique;28/07/2021;2;3;JCD;AG;FDI;NA;P19;tourbiere_erodee;100;0;5;15;0;NA;NA;NA;NA;NA;0;NA;0;NA;NA;indetermine;NA;NA;0;0
RNM;peripherique;28/07/2021;2;4;JCD;AGB;FDI;AG;P20;tourbiere_haute;100;0;5;20;0;NA;NA;NA;NA;NA;0;NA;0;NA;NA;indetermine;NA;NA;0;0
RNM;peripherique;28/07/2021;2;4;JCD;AGB;FDI;AG;P21;tourbiere_haute;70;0;3,5;15;0;NA;NA;NA;NA;NA;0;NA;0;NA;NA;indetermine;NA;NA;0;0
RNM;peripherique;30/07/2021;2;3;SP;VS;AGB;NA;P22;tourbiere_haute;80;0;5;20;0;NA;NA;NA;NA;NA;0;NA;0;NA;NA;indetermine;NA;NA;0;0
RNM;peripherique;30/07/2021;2;3;SP;VS;AGB;NA;P23;tourbiere_haute;100;0;5;15;0;NA;NA;NA;NA;NA;0;NA;0;NA;NA;indetermine;NA;NA;0;0
RNM;peripherique;30/07/2021;2;3;SP;VS;AGB;NA;P24;tourbiere_haute;95;0;5;15;0;NA;NA;NA;NA;NA;0;NA;0;NA;NA;indetermine;NA;NA;0;0
RNM;peripherique;28/07/2021;2;3;JCD;AG;FDI;NA;P25;tourbiere_haute;100;0;5;15;0;NA;NA;NA;NA;NA;0;NA;0;NA;NA;indetermine;NA;NA;0;0
RNM;peripherique;28/07/2021;2;3;JCD;AG;FDI;NA;P26;tourbiere_haute;100;0;5;15;0;NA;NA;NA;NA;NA;0;NA;0;NA;NA;indetermine;NA;NA;1;0
RNM;peripherique;28/07/2021;2;3;JCD;AG;FDI;NA;P27;tourbiere_haute;100;0;5;15;0;NA;NA;NA;NA;NA;0;NA;0;NA;NA;indetermine;NA;NA;1;0
RNM;peripherique;28/07/2021;2;3;JCD;AG;FDI;NA;P28;tourbiere_haute;100;0;5;15;0;NA;NA;NA;NA;NA;0;NA;0;NA;NA;indetermine;NA;NA;1;0
RNM;peripherique;28/07/2021;2;3;JCD;AG;FDI;NA;P29;tourbiere_haute;100;0;5;15;0;NA;NA;NA;NA;NA;0;NA;0;NA;NA;indetermine;NA;NA;1;0
RNM;peripherique;28/07/2021;2;4;JCD;AGB;FDI;AG;P30;tremblant;70;01-oct;5;20;1;carex;sphaignes;luzule;molinie;10;0;NA;0;NA;NA;indetermine;NA;NA;1;0
RNM;peripherique;30/07/2021;2;3;LS;MV;JCD;NA;P31;tremblant;100;0;5;15;0;NA;NA;NA;NA;NA;0;NA;0;NA;NA;indetermine;NA;NA;1;0
RNM;peripherique;30/07/2021;2;2;LS;JCD;NA;NA;P32;tremblant;90;01-oct;7,5;15;0;NA;NA;NA;NA;0;0;cours d'eau 8 cm ;0;NA;NA;indetermine;NA;NA;1;0
RNM;peripherique;30/07/2021;2;2;LS;JCD;NA;NA;P33;tremblant;70;0;7,5;15;0;NA;NA;NA;NA;NA;0;NA;0;NA;NA;indetermine;NA;NA;0;0
RNM;peripherique;30/07/2021;2;2;SP;VS;NA;NA;P34;tremblant;100;01-oct;10;20;1;joncs;sphaignes;NA;NA;5;0;NA;0;NA;NA;indetermine;NA;NA;0;0
RNM;peripherique;30/07/2021;2;2;LS;MV;NA;NA;P35;tremblant;70;0;5;15;0;NA;NA;NA;NA;NA;0;NA;0;NA;NA;indetermine;NA;NA;0;0
RNM;peripherique;30/07/2021;2;3;LS;MV;JCD;NA;P36;tremblant;50;21-30;5;15;1;molinie;carex;fougere;NA;3;0;NA;0;NA;NA;indetermine;NA;NA;0;0
RNM;peripherique;30/07/2021;2;2;LS;JCD;NA;NA;P37;tourbiere_erodee;70;01-oct;7,5;20;1;luzule;NA;NA;NA;8;0;NA;0;NA;NA;indetermine;NA;NA;1;0
RNM;peripherique;30/07/2021;2;3;SP;VS;AGB;NA;P38;tremblant;100;01-oct;5;20;1;sphaignes;luzule;NA;NA;2;0;NA;0;NA;NA;indetermine;NA;NA;1;0
RNM;peripherique;28/07/2021;2;3;FDI;JCD;AG;NA;P39;vegetation_non_tourbeuse;100;41-50;6,3;20;1;joncs;molinie;NA;NA;5;0;NA;0;NA;NA;indetermine;NA;NA;1;0
RNM;peripherique;28/07/2021;2;4;JCD;AGB;FDI;AG;P40;vegetation_non_tourbeuse;100;0;3,5;16,5;0;NA;NA;NA;NA;NA;0;NA;0;NA;NA;indetermine;NA;NA;1;0
RNM;peripherique;30/07/2021;2;3;SP;VS;JCD;NA;P41;vegetation_non_tourbeuse;100;0;5;5;0;NA;NA;NA;NA;NA;0;NA;0;NA;NA;indetermine;NA;NA;1;0
RNM;peripherique;30/07/2021;2;3;SP;VS;AGB;NA;P42;vegetation_non_tourbeuse;100;0;5;15;0;NA;NA;NA;NA;NA;0;NA;0;NA;NA;indetermine;NA;NA;1;0
RNM;peripherique;30/07/2021;2;3;SP;VS;AGB;NA;P43;vegetation_non_tourbeuse;100;0;5;15;0;NA;NA;NA;NA;NA;0;NA;0;NA;NA;indetermine;NA;NA;1;0
RNM;peripherique;28/07/2021;2;3;FDI;JCD;AG;NA;P44;vegetation_non_tourbeuse;100;0;5;15;0;NA;NA;NA;NA;NA;0;NA;0;NA;NA;indetermine;NA;NA;0;0
RNM;peripherique;28/07/2021;2;3;FDI;JCD;AG;NA;P45;vegetation_non_tourbeuse;100;0;5;15;0;NA;NA;NA;NA;NA;0;NA;0;NA;NA;indetermine;NA;NA;0;0
RNM;peripherique;28/07/2021;2;3;FDI;JCD;AG;NA;P46;vegetation_non_tourbeuse;100;0;5;15;0;NA;NA;NA;NA;NA;0;NA;0;NA;NA;indetermine;NA;NA;0;0
RNM;peripherique;28/07/2021;2;3;FDI;JCD;AG;NA;P47;vegetation_non_tourbeuse;100;0;5;15;0;NA;NA;NA;NA;NA;0;NA;0;NA;NA;indetermine;NA;NA;0;0
RNM;peripherique;28/07/2021;2;3;FDI;JCD;AG;NA;P48;vegetation_non_tourbeuse;100;0;5;15;0;NA;NA;NA;NA;NA;0;NA;0;NA;NA;indetermine;NA;NA;0;0
RNM;peripherique;30/07/2021;2;2;JCD;AGB;NA;NA;P49;vegetation_non_tourbeuse;100;01-oct;7,5;15;1;molinie;NA;NA;NA;4;0;NA;0;NA;NA;indetermine;NA;NA;0;0
RNM;central;18/08/2021;3;2;MV;AG;NA;NA;C0;eau_libre;100;100;10;20;1;trefle_d_eau;NA;andromede;NA;200;0;NA;0;NA;NA;indetermine;AGB_JCD;NA;0;NA
RNM;central;18/08/2021;3;2;LS;AGB;NA;NA;C01;eau_libre;100;100;10;20;1;scheuchzerie;carex;joncs;trefle_d_eau;200;0;NA;0;NA;NA;indetermine;NA;NA;1;NA
RNM;central;18/08/2021;3;2;MV;AG;NA;NA;C02;eau_libre;100;100;10;20;1;scheuchzerie;trefle_d_eau;andromede;NA;200;1;NA;0;NA;NA;indetermine;NA;NA;1;NA
RNM;central;18/08/2021;3;2;MV;AG;NA;NA;C03;eau_libre;100;100;10;20;1;lycopode;andromede;NA;NA;200;0;NA;0;NA;NA;indetermine;NA;NA;1;NA
RNM;central;18/08/2021;3;2;MV;AG;NA;NA;C04;eau_libre;100;100;8,5;17;1;NA;comaret;scheuchzerie;NA;200;0;1 Adulte mort;0;NA;NA;indetermine;NA;NA;1;NA
RNM;central;18/08/2021;3;2;MV;AG;NA;NA;C05;eau_libre;100;100;10;20;1;scheuchzerie;lycopode;NA;NA;200;0;1 Adulte mort;0;NA;NA;indetermine;NA;NA;1;NA
RNM;central;18/08/2021;3;2;MV;AG;NA;NA;C06;eau_libre;100;100;10;20;1;scheuchzerie;trefle_d_eau ;andromede;NA;200;0;NA;0;NA;NA;indetermine;NA;NA;1;NA
RNM;central;18/08/2021;3;2;MV;AG;NA;NA;C07;eau_libre;100;100;10;20;1;andromede;NA;lycopode;NA;200;1;1 Adulte mort;0;NA;NA;indetermine;NA;NA;1;NA
RNM;central;18/08/2021;3;3;AGB;CL;LS;NA;C10;tourbiere_erodee;70;nov-20;5,5;16,5;1;trefle_d_eau;joncs;NA;NA;3;0;NA;0;NA;NA;indetermine;NA;NA;0;NA
RNM;central;18/08/2021;3;3;JCD;CJ;EH;NA;C11;tourbiere_erodee;30;0;5;15;0;NA;NA;NA;NA;NA;0;NA;0;NA;NA;indetermine;NA;NA;0;NA
RNM;central;18/08/2021;3;3;AGB;CL;LS;NA;C12;tourbiere_erodee;80;01-oct;5;15;1;scheuchzerie;sphaignes;NA;NA;3;1;NA;1;NA;leucorrhinia_dubia;indetermine;JCD;NA;0;NA
RNM;central;18/08/2021;3;3;JCD;CJ;EH;NA;C13;tourbiere_erodee;50;0;5;15;0;NA;NA;NA;NA;NA;0;NA;0;NA;NA;indetermine;NA;NA;0;NA
RNM;central;18/08/2021;3;3;JCD;CJ;EH;NA;C14;tourbiere_erodee;20;01-oct;5;15;1;molinie;NA;NA;NA;1;0;NA;0;NA;NA;indetermine;NA;NA;0;NA
RNM;central;18/08/2021;3;3;AGB;CL;LS;NA;C21;tourbiere_haute;100;0;5;15;0;NA;NA;NA;NA;NA;0;NA;0;NA;NA;indetermine;NA;NA;0;NA
RNM;central;18/08/2021;3;3;JCD;CJ;EH;NA;C22;tourbiere_haute;100;0;5;15;0;NA;NA;NA;NA;NA;0;NA;0;NA;NA;indetermine;NA;NA;0;NA
RNM;central;18/08/2021;3;3;AGB;CL;LS;NA;C23;tourbiere_haute;100;0;5;15;0;NA;NA;NA;NA;NA;0;NA;0;NA;NA;indetermine;NA;NA;0;NA
RNM;central;18/08/2021;3;3;AGB;CL;LS;NA;C24;tourbiere_haute;100;01-oct;5;15;0;NA;NA;NA;NA;2;0;NA;0;NA;NA;indetermine;NA;NA;0;NA
RNM;central;18/08/2021;3;3;JCD;CJ;EH;NA;C26;tourbiere_haute;90;0;5;15;0;NA;NA;NA;NA;NA;0;NA;0;NA;NA;indetermine;NA;NA;0;NA
RNM;central;18/08/2021;3;3;AGB;CL;LS;NA;C27;tourbiere_haute;100;0;5,35;16;0;NA;NA;NA;NA;NA;0;NA;0;NA;NA;indetermine;NA;NA;0;NA
RNM;central;18/08/2021;3;3;JCD;CJ;EH;NA;C31;tremblant;40;0;5;15;0;NA;NA;NA;NA;NA;0;NA;0;NA;NA;indetermine;NA;NA;0;NA
RNM;central;18/08/2021;3;3;JCD;CJ;EH;NA;C32;tremblant;80;0;5;15;0;NA;NA;NA;NA;NA;0;NA;0;NA;NA;indetermine;NA;NA;0;NA
RNM;central;18/08/2021;3;3;JCD;CJ;EH;NA;C33;tremblant;50;01-oct;5;15;1;scheuchzerie;NA;NA;NA;8;0;NA;0;NA;NA;indetermine;NA;NA;0;NA
RNM;central;18/08/2021;3;3;JCD;CJ;EH;NA;C34;tremblant;70;0;5;15;0;NA;NA;NA;NA;NA;0;NA;0;NA;NA;indetermine;NA;NA;0;NA
RNM;central;18/08/2021;3;3;JCD;CJ;EH;NA;C36;tremblant;70;0;5;15;1;scheuchzerie;lycopode;NA;NA;100;0;NA;0;NA;NA;indetermine;NA;NA;0;NA
RNM;central;18/08/2021;3;3;AGB;CL;LS;NA;C37;tremblant;NA;NA;5;15;0;NA;NA;NA;NA;2;0;Déplacé / revoir notes téléphone Alix (rempli par Jeanne on ne sait pas sur quelle base);0;NA;NA;indetermine;NA;NA;0;NA
RNM;central;18/08/2021;3;3;AGB;CL;LS;NA;C38;tremblant;90;0;5;15;0;NA;NA;NA;NA;NA;0;NA;0;NA;NA;indetermine;NA;NA;0;NA
RNM;central;18/08/2021;3;3;JCD;CJ;EH;NA;C41;vegetation_non_tourbeuse;100;0;5;15;0;NA;NA;NA;NA;NA;0;NA;0;NA;NA;indetermine;NA;NA;0;NA
RNM;central;18/08/2021;3;3;AGB;CL;LS;NA;C42;vegetation_non_tourbeuse;100;01-oct;5,5;16,5;1;molinie;NA;NA;NA;7;0;Déplacé;0;NA;NA;indetermine;NA;NA;0;NA
RNM;central;18/08/2021;3;3;JCD;CJ;EH;NA;C43;vegetation_non_tourbeuse;100;0;5;15;0;NA;NA;NA;NA;NA;0;NA;0;NA;NA;indetermine;NA;NA;0;NA
